--Queries to test feasibility dashboard

INSERT INTO QT_QUERY_MASTER(QUERY_MASTER_ID,NAME,USER_ID,GROUP_ID,MASTER_TYPE_CD,CREATE_DATE,REQUEST_XML,I2B2_REQUEST_XML) VALUES(100001,'Dashboard test new title','jaron@custodix.com','Custodix','Study placement','2016-01-04 00:00:00','<?xml version="1.0" encoding="UTF-8" standalone="yes"?>
<ns1:studyEC ns1:loosenCriteria="false" xmlns:ns1="http://www.ehr4cr.eu/schema/services/pfs/1.0">
    <ns1:now>2016-01-04T15:07:03.019+01:00</ns1:now>
    <ns1:target ns1:type="ALL_PATIENTS"/>
    <ns1:anchorRuleList/>
    <ns1:anchorCompoundRuleList/>
    <ns1:compoundRuleList>
        <ns1:compoundRule ns1:inclusion="true" ns1:report="false">
            <ns1:ecRuleList>
                <ns1:ecRule xsi:type="ns1:UniqueExistenceRuleType" xmlns:xsi="http://www.w3.org/2001/XMLSchema-instance">
                    <ns1:temporalConstraint xsi:type="ns1:SequentialConstraintType">
                        <ns1:anchor xsi:type="ns1:NowAnchorType"/>
                        <ns1:minInterval>
                            <ns1:timeLength>18</ns1:timeLength>
                            <ns1:timeUnit>YEAR</ns1:timeUnit>
                        </ns1:minInterval>
                        <ns1:operator>BEFORE</ns1:operator>
                    </ns1:temporalConstraint>
                    <ns1:anchorRule>false</ns1:anchorRule>
                    <ns1:inclusion>true</ns1:inclusion>
                    <ns1:sequentialNumber>0</ns1:sequentialNumber>
                    <ns1:uniqueId>1</ns1:uniqueId>
                    <ns1:event xsi:type="ns1:BornType"/>
                </ns1:ecRule>
            </ns1:ecRuleList>
            <ns1:label>&amp;lt;div&amp;gt;&amp;lt;span class="filter-option"&amp;gt;More or equals to 18 Years old&amp;lt;/span&amp;gt;&amp;lt;/div&amp;gt;</ns1:label>
            <ns1:uniqueId>0</ns1:uniqueId>
        </ns1:compoundRule>
    </ns1:compoundRuleList>
    <ns1:studyName>Dashboard test new title</ns1:studyName>
    <ns1:officialStudyId>6f824f41-b162-77da-22c9-f51f192b3d52</ns1:officialStudyId>
    <ns1:studyDescription>changed the description</ns1:studyDescription>
</ns1:studyEC>','<?xml version="1.0" encoding="UTF-8" standalone="yes"?><ns2:workbenchSubmitQueryRequestMessage xmlns:ns2="http://ehr4cr.kcl.ac.uk/orchestrator/"><queryID>2a540b5c-391c-4e0c-8d1e-724f2087d60f</queryID><targetEndpointList>EHHT</targetEndpointList><targetEndpointSelectionCriteria>test_selectionCriteria</targetEndpointSelectionCriteria><eligibilityCriteriaQuery>&lt;?xml version="1.0" encoding="UTF-8" standalone="yes"?&gt;
&lt;ns1:studyEC ns1:loosenCriteria="false" xmlns:ns1="http://www.ehr4cr.eu/schema/services/pfs/1.0"&gt;
    &lt;ns1:now&gt;2016-01-04T15:07:03.019+01:00&lt;/ns1:now&gt;
    &lt;ns1:target ns1:type="ALL_PATIENTS"/&gt;
    &lt;ns1:anchorRuleList/&gt;
    &lt;ns1:anchorCompoundRuleList/&gt;
    &lt;ns1:compoundRuleList&gt;
        &lt;ns1:compoundRule ns1:inclusion="true" ns1:report="false"&gt;
            &lt;ns1:ecRuleList&gt;
                &lt;ns1:ecRule xsi:type="ns1:UniqueExistenceRuleType" xmlns:xsi="http://www.w3.org/2001/XMLSchema-instance"&gt;
                    &lt;ns1:temporalConstraint xsi:type="ns1:SequentialConstraintType"&gt;
                        &lt;ns1:anchor xsi:type="ns1:NowAnchorType"/&gt;
                        &lt;ns1:minInterval&gt;
                            &lt;ns1:timeLength&gt;18&lt;/ns1:timeLength&gt;
                            &lt;ns1:timeUnit&gt;YEAR&lt;/ns1:timeUnit&gt;
                        &lt;/ns1:minInterval&gt;
                        &lt;ns1:operator&gt;BEFORE&lt;/ns1:operator&gt;
                    &lt;/ns1:temporalConstraint&gt;
                    &lt;ns1:anchorRule&gt;false&lt;/ns1:anchorRule&gt;
                    &lt;ns1:inclusion&gt;true&lt;/ns1:inclusion&gt;
                    &lt;ns1:sequentialNumber&gt;0&lt;/ns1:sequentialNumber&gt;
                    &lt;ns1:uniqueId&gt;1&lt;/ns1:uniqueId&gt;
                    &lt;ns1:event xsi:type="ns1:BornType"/&gt;
                &lt;/ns1:ecRule&gt;
            &lt;/ns1:ecRuleList&gt;
            &lt;ns1:label&gt;&amp;amp;lt;div&amp;amp;gt;&amp;amp;lt;span class="filter-option"&amp;amp;gt;More or equals to 18 Years old&amp;amp;lt;/span&amp;amp;gt;&amp;amp;lt;/div&amp;amp;gt;&lt;/ns1:label&gt;
            &lt;ns1:uniqueId&gt;0&lt;/ns1:uniqueId&gt;
        &lt;/ns1:compoundRule&gt;
    &lt;/ns1:compoundRuleList&gt;
    &lt;ns1:studyName&gt;Dashboard test new title&lt;/ns1:studyName&gt;
    &lt;ns1:officialStudyId&gt;6f824f41-b162-77da-22c9-f51f192b3d52&lt;/ns1:officialStudyId&gt;
    &lt;ns1:studyDescription&gt;changed the description&lt;/ns1:studyDescription&gt;
&lt;/ns1:studyEC&gt;
</eligibilityCriteriaQuery><OCLQueries>&lt;?xml version="1.0" encoding="UTF-8" standalone="yes"?&gt;
&lt;ns1:studyEC ns1:loosenCriteria="false" xmlns:ns1="http://www.ehr4cr.eu/schema/services/pfs/1.0"&gt;
    &lt;ns1:now&gt;2016-01-04T15:07:03.019+01:00&lt;/ns1:now&gt;
    &lt;ns1:target ns1:type="ALL_PATIENTS"/&gt;
    &lt;ns1:anchorRuleList/&gt;
    &lt;ns1:anchorCompoundRuleList/&gt;
    &lt;ns1:compoundRuleList&gt;
        &lt;ns1:compoundRule ns1:inclusion="true" ns1:report="false"&gt;
            &lt;ns1:ecRuleList&gt;
                &lt;ns1:ecRule xsi:type="ns1:UniqueExistenceRuleType" xmlns:xsi="http://www.w3.org/2001/XMLSchema-instance"&gt;
                    &lt;ns1:temporalConstraint xsi:type="ns1:SequentialConstraintType"&gt;
                        &lt;ns1:anchor xsi:type="ns1:NowAnchorType"/&gt;
                        &lt;ns1:minInterval&gt;
                            &lt;ns1:timeLength&gt;18&lt;/ns1:timeLength&gt;
                            &lt;ns1:timeUnit&gt;YEAR&lt;/ns1:timeUnit&gt;
                        &lt;/ns1:minInterval&gt;
                        &lt;ns1:operator&gt;BEFORE&lt;/ns1:operator&gt;
                    &lt;/ns1:temporalConstraint&gt;
                    &lt;ns1:anchorRule&gt;false&lt;/ns1:anchorRule&gt;
                    &lt;ns1:inclusion&gt;true&lt;/ns1:inclusion&gt;
                    &lt;ns1:sequentialNumber&gt;0&lt;/ns1:sequentialNumber&gt;
                    &lt;ns1:uniqueId&gt;1&lt;/ns1:uniqueId&gt;
                    &lt;ns1:event xsi:type="ns1:BornType"/&gt;
                &lt;/ns1:ecRule&gt;
            &lt;/ns1:ecRuleList&gt;
            &lt;ns1:label&gt;&amp;amp;lt;div&amp;amp;gt;&amp;amp;lt;span class="filter-option"&amp;amp;gt;More or equals to 18 Years old&amp;amp;lt;/span&amp;amp;gt;&amp;amp;lt;/div&amp;amp;gt;&lt;/ns1:label&gt;
            &lt;ns1:uniqueId&gt;0&lt;/ns1:uniqueId&gt;
        &lt;/ns1:compoundRule&gt;
    &lt;/ns1:compoundRuleList&gt;
    &lt;ns1:studyName&gt;Dashboard test new title&lt;/ns1:studyName&gt;
    &lt;ns1:officialStudyId&gt;6f824f41-b162-77da-22c9-f51f192b3d52&lt;/ns1:officialStudyId&gt;
    &lt;ns1:studyDescription&gt;changed the description&lt;/ns1:studyDescription&gt;
&lt;/ns1:studyEC&gt;
</OCLQueries><timestamp>2016-01-04T15:07:03.169+01:00</timestamp></ns2:workbenchSubmitQueryRequestMessage>');
INSERT INTO QT_QUERY_INSTANCE(STATUS_TYPE_ID,START_DATE,MESSAGE,GROUP_ID,USER_ID,QUERY_MASTER_ID,END_DATE,DELETE_FLAG,QUERY_INSTANCE_ID) VALUES(6,'2016-01-04 00:00:00','feasibility study description','Custodix','test@custodix.com',100001,'2016-01-05 00:00:00','N',100001);
INSERT INTO INSITE_QUERY_ID_MAPPING (QUERY_MASTER_ID, QUERY_GUID, STUDY_ID) VALUES(100001, 100001, 100001);

INSERT INTO QT_QUERY_MASTER(QUERY_MASTER_ID,NAME,USER_ID,GROUP_ID,MASTER_TYPE_CD,CREATE_DATE,REQUEST_XML,I2B2_REQUEST_XML) VALUES(100002,'second study title','test2@custodix.com','Custodix','Study placement','2016-01-04 00:00:00','<?xml version="1.0" encoding="UTF-8" standalone="yes"?>
<ns1:studyEC ns1:loosenCriteria="false" xmlns:ns1="http://www.ehr4cr.eu/schema/services/pfs/1.0">
    <ns1:now>2016-01-04T15:07:03.019+01:00</ns1:now>
    <ns1:target ns1:type="ALL_PATIENTS"/>
    <ns1:anchorRuleList/>
    <ns1:anchorCompoundRuleList/>
    <ns1:compoundRuleList>
        <ns1:compoundRule ns1:inclusion="true" ns1:report="false">
            <ns1:ecRuleList>
                <ns1:ecRule xsi:type="ns1:UniqueExistenceRuleType" xmlns:xsi="http://www.w3.org/2001/XMLSchema-instance">
                    <ns1:temporalConstraint xsi:type="ns1:SequentialConstraintType">
                        <ns1:anchor xsi:type="ns1:NowAnchorType"/>
                        <ns1:minInterval>
                            <ns1:timeLength>18</ns1:timeLength>
                            <ns1:timeUnit>YEAR</ns1:timeUnit>
                        </ns1:minInterval>
                        <ns1:operator>BEFORE</ns1:operator>
                    </ns1:temporalConstraint>
                    <ns1:anchorRule>false</ns1:anchorRule>
                    <ns1:inclusion>true</ns1:inclusion>
                    <ns1:sequentialNumber>0</ns1:sequentialNumber>
                    <ns1:uniqueId>1</ns1:uniqueId>
                    <ns1:event xsi:type="ns1:BornType"/>
                </ns1:ecRule>
            </ns1:ecRuleList>
            <ns1:label>&amp;lt;div&amp;gt;&amp;lt;span class="filter-option"&amp;gt;More or equals to 18 Years old&amp;lt;/span&amp;gt;&amp;lt;/div&amp;gt;</ns1:label>
            <ns1:uniqueId>0</ns1:uniqueId>
        </ns1:compoundRule>
    </ns1:compoundRuleList>
    <ns1:studyName>Dashboard test new title</ns1:studyName>
    <ns1:officialStudyId>6f824f41-b162-77da-22c9-f51f192b3d52</ns1:officialStudyId>
    <ns1:studyDescription>changed the description</ns1:studyDescription>
</ns1:studyEC>','<?xml version="1.0" encoding="UTF-8" standalone="yes"?><ns2:workbenchSubmitQueryRequestMessage xmlns:ns2="http://ehr4cr.kcl.ac.uk/orchestrator/"><queryID>2a540b5c-391c-4e0c-8d1e-724f2087d60f</queryID><targetEndpointList>EHHT</targetEndpointList><targetEndpointSelectionCriteria>test_selectionCriteria</targetEndpointSelectionCriteria><eligibilityCriteriaQuery>&lt;?xml version="1.0" encoding="UTF-8" standalone="yes"?&gt;
&lt;ns1:studyEC ns1:loosenCriteria="false" xmlns:ns1="http://www.ehr4cr.eu/schema/services/pfs/1.0"&gt;
    &lt;ns1:now&gt;2016-01-04T15:07:03.019+01:00&lt;/ns1:now&gt;
    &lt;ns1:target ns1:type="ALL_PATIENTS"/&gt;
    &lt;ns1:anchorRuleList/&gt;
    &lt;ns1:anchorCompoundRuleList/&gt;
    &lt;ns1:compoundRuleList&gt;
        &lt;ns1:compoundRule ns1:inclusion="true" ns1:report="false"&gt;
            &lt;ns1:ecRuleList&gt;
                &lt;ns1:ecRule xsi:type="ns1:UniqueExistenceRuleType" xmlns:xsi="http://www.w3.org/2001/XMLSchema-instance"&gt;
                    &lt;ns1:temporalConstraint xsi:type="ns1:SequentialConstraintType"&gt;
                        &lt;ns1:anchor xsi:type="ns1:NowAnchorType"/&gt;
                        &lt;ns1:minInterval&gt;
                            &lt;ns1:timeLength&gt;18&lt;/ns1:timeLength&gt;
                            &lt;ns1:timeUnit&gt;YEAR&lt;/ns1:timeUnit&gt;
                        &lt;/ns1:minInterval&gt;
                        &lt;ns1:operator&gt;BEFORE&lt;/ns1:operator&gt;
                    &lt;/ns1:temporalConstraint&gt;
                    &lt;ns1:anchorRule&gt;false&lt;/ns1:anchorRule&gt;
                    &lt;ns1:inclusion&gt;true&lt;/ns1:inclusion&gt;
                    &lt;ns1:sequentialNumber&gt;0&lt;/ns1:sequentialNumber&gt;
                    &lt;ns1:uniqueId&gt;1&lt;/ns1:uniqueId&gt;
                    &lt;ns1:event xsi:type="ns1:BornType"/&gt;
                &lt;/ns1:ecRule&gt;
            &lt;/ns1:ecRuleList&gt;
            &lt;ns1:label&gt;&amp;amp;lt;div&amp;amp;gt;&amp;amp;lt;span class="filter-option"&amp;amp;gt;More or equals to 18 Years old&amp;amp;lt;/span&amp;amp;gt;&amp;amp;lt;/div&amp;amp;gt;&lt;/ns1:label&gt;
            &lt;ns1:uniqueId&gt;0&lt;/ns1:uniqueId&gt;
        &lt;/ns1:compoundRule&gt;
    &lt;/ns1:compoundRuleList&gt;
    &lt;ns1:studyName&gt;Dashboard test new title&lt;/ns1:studyName&gt;
    &lt;ns1:officialStudyId&gt;6f824f41-b162-77da-22c9-f51f192b3d52&lt;/ns1:officialStudyId&gt;
    &lt;ns1:studyDescription&gt;changed the description&lt;/ns1:studyDescription&gt;
&lt;/ns1:studyEC&gt;
</eligibilityCriteriaQuery><OCLQueries>&lt;?xml version="1.0" encoding="UTF-8" standalone="yes"?&gt;
&lt;ns1:studyEC ns1:loosenCriteria="false" xmlns:ns1="http://www.ehr4cr.eu/schema/services/pfs/1.0"&gt;
    &lt;ns1:now&gt;2016-01-04T15:07:03.019+01:00&lt;/ns1:now&gt;
    &lt;ns1:target ns1:type="ALL_PATIENTS"/&gt;
    &lt;ns1:anchorRuleList/&gt;
    &lt;ns1:anchorCompoundRuleList/&gt;
    &lt;ns1:compoundRuleList&gt;
        &lt;ns1:compoundRule ns1:inclusion="true" ns1:report="false"&gt;
            &lt;ns1:ecRuleList&gt;
                &lt;ns1:ecRule xsi:type="ns1:UniqueExistenceRuleType" xmlns:xsi="http://www.w3.org/2001/XMLSchema-instance"&gt;
                    &lt;ns1:temporalConstraint xsi:type="ns1:SequentialConstraintType"&gt;
                        &lt;ns1:anchor xsi:type="ns1:NowAnchorType"/&gt;
                        &lt;ns1:minInterval&gt;
                            &lt;ns1:timeLength&gt;18&lt;/ns1:timeLength&gt;
                            &lt;ns1:timeUnit&gt;YEAR&lt;/ns1:timeUnit&gt;
                        &lt;/ns1:minInterval&gt;
                        &lt;ns1:operator&gt;BEFORE&lt;/ns1:operator&gt;
                    &lt;/ns1:temporalConstraint&gt;
                    &lt;ns1:anchorRule&gt;false&lt;/ns1:anchorRule&gt;
                    &lt;ns1:inclusion&gt;true&lt;/ns1:inclusion&gt;
                    &lt;ns1:sequentialNumber&gt;0&lt;/ns1:sequentialNumber&gt;
                    &lt;ns1:uniqueId&gt;1&lt;/ns1:uniqueId&gt;
                    &lt;ns1:event xsi:type="ns1:BornType"/&gt;
                &lt;/ns1:ecRule&gt;
            &lt;/ns1:ecRuleList&gt;
            &lt;ns1:label&gt;&amp;amp;lt;div&amp;amp;gt;&amp;amp;lt;span class="filter-option"&amp;amp;gt;More or equals to 18 Years old&amp;amp;lt;/span&amp;amp;gt;&amp;amp;lt;/div&amp;amp;gt;&lt;/ns1:label&gt;
            &lt;ns1:uniqueId&gt;0&lt;/ns1:uniqueId&gt;
        &lt;/ns1:compoundRule&gt;
    &lt;/ns1:compoundRuleList&gt;
    &lt;ns1:studyName&gt;Dashboard test new title&lt;/ns1:studyName&gt;
    &lt;ns1:officialStudyId&gt;6f824f41-b162-77da-22c9-f51f192b3d52&lt;/ns1:officialStudyId&gt;
    &lt;ns1:studyDescription&gt;changed the description&lt;/ns1:studyDescription&gt;
&lt;/ns1:studyEC&gt;
</OCLQueries><timestamp>2016-01-04T15:07:03.169+01:00</timestamp></ns2:workbenchSubmitQueryRequestMessage>');
INSERT INTO QT_QUERY_INSTANCE(STATUS_TYPE_ID,START_DATE,MESSAGE,GROUP_ID,USER_ID,QUERY_MASTER_ID,END_DATE,DELETE_FLAG,QUERY_INSTANCE_ID) VALUES(6,'2016-01-04 00:00:00','different description','Custodix','test2@custodix.com',100002,'2016-01-05 00:00:00','N',100002);
INSERT INTO INSITE_QUERY_ID_MAPPING (QUERY_MASTER_ID, QUERY_GUID, STUDY_ID) VALUES(100002, 100002, 100002);

INSERT INTO QT_QUERY_MASTER(QUERY_MASTER_ID,NAME,USER_ID,GROUP_ID,MASTER_TYPE_CD,CREATE_DATE,REQUEST_XML,I2B2_REQUEST_XML) VALUES(100003,'second study title','test2@custodix.com','Custodix','Study placement','2016-01-05 00:00:00','<?xml version="1.0" encoding="UTF-8" standalone="yes"?>
<ns1:studyEC ns1:loosenCriteria="false" xmlns:ns1="http://www.ehr4cr.eu/schema/services/pfs/1.0">
    <ns1:now>2016-01-04T15:07:03.019+01:00</ns1:now>
    <ns1:target ns1:type="ALL_PATIENTS"/>
    <ns1:anchorRuleList/>
    <ns1:anchorCompoundRuleList/>
    <ns1:compoundRuleList>
        <ns1:compoundRule ns1:inclusion="true" ns1:report="false">
            <ns1:ecRuleList>
                <ns1:ecRule xsi:type="ns1:UniqueExistenceRuleType" xmlns:xsi="http://www.w3.org/2001/XMLSchema-instance">
                    <ns1:temporalConstraint xsi:type="ns1:SequentialConstraintType">
                        <ns1:anchor xsi:type="ns1:NowAnchorType"/>
                        <ns1:minInterval>
                            <ns1:timeLength>18</ns1:timeLength>
                            <ns1:timeUnit>YEAR</ns1:timeUnit>
                        </ns1:minInterval>
                        <ns1:operator>BEFORE</ns1:operator>
                    </ns1:temporalConstraint>
                    <ns1:anchorRule>false</ns1:anchorRule>
                    <ns1:inclusion>true</ns1:inclusion>
                    <ns1:sequentialNumber>0</ns1:sequentialNumber>
                    <ns1:uniqueId>1</ns1:uniqueId>
                    <ns1:event xsi:type="ns1:BornType"/>
                </ns1:ecRule>
            </ns1:ecRuleList>
            <ns1:label>&amp;lt;div&amp;gt;&amp;lt;span class="filter-option"&amp;gt;More or equals to 18 Years old&amp;lt;/span&amp;gt;&amp;lt;/div&amp;gt;</ns1:label>
            <ns1:uniqueId>0</ns1:uniqueId>
        </ns1:compoundRule>
    </ns1:compoundRuleList>
    <ns1:studyName>second study title</ns1:studyName>
    <ns1:officialStudyId>25395ced-a59c-410a-86b8-39d43e83f41d</ns1:officialStudyId>
    <ns1:studyDescription>different description</ns1:studyDescription>
</ns1:studyEC>','<?xml version="1.0" encoding="UTF-8" standalone="yes"?><ns2:workbenchSubmitQueryRequestMessage xmlns:ns2="http://ehr4cr.kcl.ac.uk/orchestrator/"><queryID>2a540b5c-391c-4e0c-8d1e-724f2087d60f</queryID><targetEndpointList>EHHT</targetEndpointList><targetEndpointSelectionCriteria>test_selectionCriteria</targetEndpointSelectionCriteria><eligibilityCriteriaQuery>&lt;?xml version="1.0" encoding="UTF-8" standalone="yes"?&gt;
&lt;ns1:studyEC ns1:loosenCriteria="false" xmlns:ns1="http://www.ehr4cr.eu/schema/services/pfs/1.0"&gt;
    &lt;ns1:now&gt;2016-01-04T15:07:03.019+01:00&lt;/ns1:now&gt;
    &lt;ns1:target ns1:type="ALL_PATIENTS"/&gt;
    &lt;ns1:anchorRuleList/&gt;
    &lt;ns1:anchorCompoundRuleList/&gt;
    &lt;ns1:compoundRuleList&gt;
        &lt;ns1:compoundRule ns1:inclusion="true" ns1:report="false"&gt;
            &lt;ns1:ecRuleList&gt;
                &lt;ns1:ecRule xsi:type="ns1:UniqueExistenceRuleType" xmlns:xsi="http://www.w3.org/2001/XMLSchema-instance"&gt;
                    &lt;ns1:temporalConstraint xsi:type="ns1:SequentialConstraintType"&gt;
                        &lt;ns1:anchor xsi:type="ns1:NowAnchorType"/&gt;
                        &lt;ns1:minInterval&gt;
                            &lt;ns1:timeLength&gt;18&lt;/ns1:timeLength&gt;
                            &lt;ns1:timeUnit&gt;YEAR&lt;/ns1:timeUnit&gt;
                        &lt;/ns1:minInterval&gt;
                        &lt;ns1:operator&gt;BEFORE&lt;/ns1:operator&gt;
                    &lt;/ns1:temporalConstraint&gt;
                    &lt;ns1:anchorRule&gt;false&lt;/ns1:anchorRule&gt;
                    &lt;ns1:inclusion&gt;true&lt;/ns1:inclusion&gt;
                    &lt;ns1:sequentialNumber&gt;0&lt;/ns1:sequentialNumber&gt;
                    &lt;ns1:uniqueId&gt;1&lt;/ns1:uniqueId&gt;
                    &lt;ns1:event xsi:type="ns1:BornType"/&gt;
                &lt;/ns1:ecRule&gt;
            &lt;/ns1:ecRuleList&gt;
            &lt;ns1:label&gt;&amp;amp;lt;div&amp;amp;gt;&amp;amp;lt;span class="filter-option"&amp;amp;gt;More or equals to 18 Years old&amp;amp;lt;/span&amp;amp;gt;&amp;amp;lt;/div&amp;amp;gt;&lt;/ns1:label&gt;
            &lt;ns1:uniqueId&gt;0&lt;/ns1:uniqueId&gt;
        &lt;/ns1:compoundRule&gt;
    &lt;/ns1:compoundRuleList&gt;
    &lt;ns1:studyName&gt;second study title&lt;/ns1:studyName&gt;
    &lt;ns1:officialStudyId&gt;25395ced-a59c-410a-86b8-39d43e83f41d&lt;/ns1:officialStudyId&gt;
    &lt;ns1:studyDescription&gt;different description&lt;/ns1:studyDescription&gt;
&lt;/ns1:studyEC&gt;
</eligibilityCriteriaQuery><OCLQueries>&lt;?xml version="1.0" encoding="UTF-8" standalone="yes"?&gt;
&lt;ns1:studyEC ns1:loosenCriteria="false" xmlns:ns1="http://www.ehr4cr.eu/schema/services/pfs/1.0"&gt;
    &lt;ns1:now&gt;2016-01-04T15:07:03.019+01:00&lt;/ns1:now&gt;
    &lt;ns1:target ns1:type="ALL_PATIENTS"/&gt;
    &lt;ns1:anchorRuleList/&gt;
    &lt;ns1:anchorCompoundRuleList/&gt;
    &lt;ns1:compoundRuleList&gt;
        &lt;ns1:compoundRule ns1:inclusion="true" ns1:report="false"&gt;
            &lt;ns1:ecRuleList&gt;
                &lt;ns1:ecRule xsi:type="ns1:UniqueExistenceRuleType" xmlns:xsi="http://www.w3.org/2001/XMLSchema-instance"&gt;
                    &lt;ns1:temporalConstraint xsi:type="ns1:SequentialConstraintType"&gt;
                        &lt;ns1:anchor xsi:type="ns1:NowAnchorType"/&gt;
                        &lt;ns1:minInterval&gt;
                            &lt;ns1:timeLength&gt;18&lt;/ns1:timeLength&gt;
                            &lt;ns1:timeUnit&gt;YEAR&lt;/ns1:timeUnit&gt;
                        &lt;/ns1:minInterval&gt;
                        &lt;ns1:operator&gt;BEFORE&lt;/ns1:operator&gt;
                    &lt;/ns1:temporalConstraint&gt;
                    &lt;ns1:anchorRule&gt;false&lt;/ns1:anchorRule&gt;
                    &lt;ns1:inclusion&gt;true&lt;/ns1:inclusion&gt;
                    &lt;ns1:sequentialNumber&gt;0&lt;/ns1:sequentialNumber&gt;
                    &lt;ns1:uniqueId&gt;1&lt;/ns1:uniqueId&gt;
                    &lt;ns1:event xsi:type="ns1:BornType"/&gt;
                &lt;/ns1:ecRule&gt;
            &lt;/ns1:ecRuleList&gt;
            &lt;ns1:label&gt;&amp;amp;lt;div&amp;amp;gt;&amp;amp;lt;span class="filter-option"&amp;amp;gt;More or equals to 18 Years old&amp;amp;lt;/span&amp;amp;gt;&amp;amp;lt;/div&amp;amp;gt;&lt;/ns1:label&gt;
            &lt;ns1:uniqueId&gt;0&lt;/ns1:uniqueId&gt;
        &lt;/ns1:compoundRule&gt;
    &lt;/ns1:compoundRuleList&gt;
    &lt;ns1:studyName&gt;second study title&lt;/ns1:studyName&gt;
    &lt;ns1:officialStudyId&gt;25395ced-a59c-410a-86b8-39d43e83f41d&lt;/ns1:officialStudyId&gt;
    &lt;ns1:studyDescription&gt;different description&lt;/ns1:studyDescription&gt;
&lt;/ns1:studyEC&gt;
</OCLQueries><timestamp>2016-01-04T15:07:03.169+01:00</timestamp></ns2:workbenchSubmitQueryRequestMessage>');
INSERT INTO QT_QUERY_INSTANCE(STATUS_TYPE_ID,START_DATE,MESSAGE,GROUP_ID,USER_ID,QUERY_MASTER_ID,END_DATE,DELETE_FLAG,QUERY_INSTANCE_ID) VALUES(6,'2016-01-05 00:00:00','different description','Custodix','test3@custodix.com',100003,'2016-01-06 01:00:00','N',100003);
INSERT INTO INSITE_QUERY_ID_MAPPING (QUERY_MASTER_ID, QUERY_GUID, STUDY_ID) VALUES(100003, 100003, 100002);

INSERT INTO QT_QUERY_RESULT_INSTANCE(START_DATE,STATUS_TYPE_ID,MESSAGE,OBFUSC_METHOD,QUERY_INSTANCE_ID,RESULT_TYPE_ID,END_DATE,REAL_SET_SIZE,SET_SIZE,DELETE_FLAG,RESULT_INSTANCE_ID) VALUES('2016-01-04 00:00:00',6,'Number of patients for "Non-insulin-dependent diabetes mellitus in overweight patients (1451995106491)"',null,100001,3,'2016-01-05 00:00:00',24,24,'N',100001);
INSERT INTO QT_QUERY_RESULT_INSTANCE(START_DATE,STATUS_TYPE_ID,MESSAGE,OBFUSC_METHOD,QUERY_INSTANCE_ID,RESULT_TYPE_ID,END_DATE,REAL_SET_SIZE,SET_SIZE,DELETE_FLAG,RESULT_INSTANCE_ID) VALUES('2016-01-04 00:00:00',6,'Number of patients for "Non-insulin-dependent diabetes mellitus in overweight patients (1451995106491)"',null,100002,3,'2016-01-05 00:00:00',24,24,'N',100002);
INSERT INTO QT_QUERY_RESULT_INSTANCE(START_DATE,STATUS_TYPE_ID,MESSAGE,OBFUSC_METHOD,QUERY_INSTANCE_ID,RESULT_TYPE_ID,END_DATE,REAL_SET_SIZE,SET_SIZE,DELETE_FLAG,RESULT_INSTANCE_ID) VALUES('2016-01-05 00:00:00',6,'test message',null,100003,3,'2016-01-05 01:00:00',24,24,'N',100003);

--INSERT INTO QT_XML_RESULT ... (for each query)
INSERT INTO QT_XML_RESULT(XML_VALUE,RESULT_INSTANCE_ID,XML_RESULT_ID) VALUES('<?xml version="1.0" encoding="UTF-8" standalone="yes"?><ns1:feasibilityResult xmlns:ns1="http://www.ehr4cr.eu/schema/services/pfs/1.0"><ns1:endpointId></ns1:endpointId><ns1:patientCountList><ns1:patientCount><ageInterval>10</ageInterval><ns1:ageSliceList><ns1:ageSlice><ns1:lowerBound>0</ns1:lowerBound><ns1:upperBound>10</ns1:upperBound><ns1:numMale><ns1:lower>0</ns1:lower><ns1:upper>0</ns1:upper></ns1:numMale><ns1:numFemale><ns1:lower>0</ns1:lower><ns1:upper>0</ns1:upper></ns1:numFemale><ns1:numUnknown><ns1:lower>0</ns1:lower><ns1:upper>0</ns1:upper></ns1:numUnknown></ns1:ageSlice><ns1:ageSlice><ns1:lowerBound>10</ns1:lowerBound><ns1:upperBound>20</ns1:upperBound><ns1:numMale><ns1:lower>0</ns1:lower><ns1:upper>0</ns1:upper></ns1:numMale><ns1:numFemale><ns1:lower>1</ns1:lower><ns1:upper>1</ns1:upper></ns1:numFemale><ns1:numUnknown><ns1:lower>0</ns1:lower><ns1:upper>0</ns1:upper></ns1:numUnknown></ns1:ageSlice><ns1:ageSlice><ns1:lowerBound>20</ns1:lowerBound><ns1:upperBound>30</ns1:upperBound><ns1:numMale><ns1:lower>1</ns1:lower><ns1:upper>1</ns1:upper></ns1:numMale><ns1:numFemale><ns1:lower>0</ns1:lower><ns1:upper>0</ns1:upper></ns1:numFemale><ns1:numUnknown><ns1:lower>0</ns1:lower><ns1:upper>0</ns1:upper></ns1:numUnknown></ns1:ageSlice><ns1:ageSlice><ns1:lowerBound>30</ns1:lowerBound><ns1:upperBound>40</ns1:upperBound><ns1:numMale><ns1:lower>2</ns1:lower><ns1:upper>2</ns1:upper></ns1:numMale><ns1:numFemale><ns1:lower>2</ns1:lower><ns1:upper>2</ns1:upper></ns1:numFemale><ns1:numUnknown><ns1:lower>0</ns1:lower><ns1:upper>0</ns1:upper></ns1:numUnknown></ns1:ageSlice><ns1:ageSlice><ns1:lowerBound>40</ns1:lowerBound><ns1:upperBound>50</ns1:upperBound><ns1:numMale><ns1:lower>6</ns1:lower><ns1:upper>6</ns1:upper></ns1:numMale><ns1:numFemale><ns1:lower>6</ns1:lower><ns1:upper>6</ns1:upper></ns1:numFemale><ns1:numUnknown><ns1:lower>0</ns1:lower><ns1:upper>0</ns1:upper></ns1:numUnknown></ns1:ageSlice><ns1:ageSlice><ns1:lowerBound>50</ns1:lowerBound><ns1:upperBound>60</ns1:upperBound><ns1:numMale><ns1:lower>15</ns1:lower><ns1:upper>15</ns1:upper></ns1:numMale><ns1:numFemale><ns1:lower>6</ns1:lower><ns1:upper>6</ns1:upper></ns1:numFemale><ns1:numUnknown><ns1:lower>0</ns1:lower><ns1:upper>0</ns1:upper></ns1:numUnknown></ns1:ageSlice><ns1:ageSlice><ns1:lowerBound>60</ns1:lowerBound><ns1:upperBound>70</ns1:upperBound><ns1:numMale><ns1:lower>25</ns1:lower><ns1:upper>25</ns1:upper></ns1:numMale><ns1:numFemale><ns1:lower>12</ns1:lower><ns1:upper>12</ns1:upper></ns1:numFemale><ns1:numUnknown><ns1:lower>0</ns1:lower><ns1:upper>0</ns1:upper></ns1:numUnknown></ns1:ageSlice><ns1:ageSlice><ns1:lowerBound>70</ns1:lowerBound><ns1:upperBound>80</ns1:upperBound><ns1:numMale><ns1:lower>31</ns1:lower><ns1:upper>31</ns1:upper></ns1:numMale><ns1:numFemale><ns1:lower>16</ns1:lower><ns1:upper>16</ns1:upper></ns1:numFemale><ns1:numUnknown><ns1:lower>0</ns1:lower><ns1:upper>0</ns1:upper></ns1:numUnknown></ns1:ageSlice><ns1:ageSlice><ns1:lowerBound>80</ns1:lowerBound><ns1:numMale><ns1:lower>35</ns1:lower><ns1:upper>35</ns1:upper></ns1:numMale><ns1:numFemale><ns1:lower>42</ns1:lower><ns1:upper>42</ns1:upper></ns1:numFemale><ns1:numUnknown><ns1:lower>0</ns1:lower><ns1:upper>0</ns1:upper></ns1:numUnknown></ns1:ageSlice></ns1:ageSliceList><ns1:eclectic>Entire data warehouse</ns1:eclectic><numAgeSlices>9</numAgeSlices><ns1:provenanceRecord><ns1:provenanceItemList><ns1:provenanceItem><ns1:count>0</ns1:count><ns1:counterLabel>CODE_NOT_MAPPED</ns1:counterLabel><ns1:order>3</ns1:order></ns1:provenanceItem><ns1:provenanceItem><ns1:count>200</ns1:count><ns1:counterLabel>CODE_MAPPED</ns1:counterLabel><ns1:occurrenceSet>SEX:F to 2.16.840.1.113883.6.96:248152002</ns1:occurrenceSet><ns1:occurrenceSet>SEX:M to 2.16.840.1.113883.6.96:248153007</ns1:occurrenceSet><ns1:order>2</ns1:order></ns1:provenanceItem><ns1:provenanceItem><ns1:count>200</ns1:count><ns1:counterLabel>CLINICAL_FACTS_EXTRACTED</ns1:counterLabel><ns1:order>1</ns1:order></ns1:provenanceItem><ns1:provenanceItem><ns1:count>0</ns1:count><ns1:counterLabel>BIRTH_DATE_AFTER_QUERY_DATE</ns1:counterLabel><ns1:order>5</ns1:order></ns1:provenanceItem><ns1:provenanceItem><ns1:count>0</ns1:count><ns1:counterLabel>NO_BIRTH_DATE</ns1:counterLabel><ns1:order>4</ns1:order></ns1:provenanceItem></ns1:provenanceItemList></ns1:provenanceRecord><ns1:ruleNumber>0</ns1:ruleNumber><ns1:ruleType>SINGLE</ns1:ruleType></ns1:patientCount><ns1:patientCount ns1:inclusion="true"><ageInterval>10</ageInterval><ns1:ageSliceList><ns1:ageSlice><ns1:lowerBound>0</ns1:lowerBound><ns1:upperBound>10</ns1:upperBound><ns1:numMale><ns1:lower>0</ns1:lower><ns1:upper>0</ns1:upper></ns1:numMale><ns1:numFemale><ns1:lower>0</ns1:lower><ns1:upper>0</ns1:upper></ns1:numFemale><ns1:numUnknown><ns1:lower>0</ns1:lower><ns1:upper>0</ns1:upper></ns1:numUnknown></ns1:ageSlice><ns1:ageSlice><ns1:lowerBound>10</ns1:lowerBound><ns1:upperBound>20</ns1:upperBound><ns1:numMale><ns1:lower>0</ns1:lower><ns1:upper>0</ns1:upper></ns1:numMale><ns1:numFemale><ns1:lower>1</ns1:lower><ns1:upper>1</ns1:upper></ns1:numFemale><ns1:numUnknown><ns1:lower>0</ns1:lower><ns1:upper>0</ns1:upper></ns1:numUnknown></ns1:ageSlice><ns1:ageSlice><ns1:lowerBound>20</ns1:lowerBound><ns1:upperBound>30</ns1:upperBound><ns1:numMale><ns1:lower>1</ns1:lower><ns1:upper>1</ns1:upper></ns1:numMale><ns1:numFemale><ns1:lower>0</ns1:lower><ns1:upper>0</ns1:upper></ns1:numFemale><ns1:numUnknown><ns1:lower>0</ns1:lower><ns1:upper>0</ns1:upper></ns1:numUnknown></ns1:ageSlice><ns1:ageSlice><ns1:lowerBound>30</ns1:lowerBound><ns1:upperBound>40</ns1:upperBound><ns1:numMale><ns1:lower>2</ns1:lower><ns1:upper>2</ns1:upper></ns1:numMale><ns1:numFemale><ns1:lower>2</ns1:lower><ns1:upper>2</ns1:upper></ns1:numFemale><ns1:numUnknown><ns1:lower>0</ns1:lower><ns1:upper>0</ns1:upper></ns1:numUnknown></ns1:ageSlice><ns1:ageSlice><ns1:lowerBound>40</ns1:lowerBound><ns1:upperBound>50</ns1:upperBound><ns1:numMale><ns1:lower>6</ns1:lower><ns1:upper>6</ns1:upper></ns1:numMale><ns1:numFemale><ns1:lower>6</ns1:lower><ns1:upper>6</ns1:upper></ns1:numFemale><ns1:numUnknown><ns1:lower>0</ns1:lower><ns1:upper>0</ns1:upper></ns1:numUnknown></ns1:ageSlice><ns1:ageSlice><ns1:lowerBound>50</ns1:lowerBound><ns1:upperBound>60</ns1:upperBound><ns1:numMale><ns1:lower>15</ns1:lower><ns1:upper>15</ns1:upper></ns1:numMale><ns1:numFemale><ns1:lower>6</ns1:lower><ns1:upper>6</ns1:upper></ns1:numFemale><ns1:numUnknown><ns1:lower>0</ns1:lower><ns1:upper>0</ns1:upper></ns1:numUnknown></ns1:ageSlice><ns1:ageSlice><ns1:lowerBound>60</ns1:lowerBound><ns1:upperBound>70</ns1:upperBound><ns1:numMale><ns1:lower>25</ns1:lower><ns1:upper>25</ns1:upper></ns1:numMale><ns1:numFemale><ns1:lower>12</ns1:lower><ns1:upper>12</ns1:upper></ns1:numFemale><ns1:numUnknown><ns1:lower>0</ns1:lower><ns1:upper>0</ns1:upper></ns1:numUnknown></ns1:ageSlice><ns1:ageSlice><ns1:lowerBound>70</ns1:lowerBound><ns1:upperBound>80</ns1:upperBound><ns1:numMale><ns1:lower>31</ns1:lower><ns1:upper>31</ns1:upper></ns1:numMale><ns1:numFemale><ns1:lower>16</ns1:lower><ns1:upper>16</ns1:upper></ns1:numFemale><ns1:numUnknown><ns1:lower>0</ns1:lower><ns1:upper>0</ns1:upper></ns1:numUnknown></ns1:ageSlice><ns1:ageSlice><ns1:lowerBound>80</ns1:lowerBound><ns1:numMale><ns1:lower>35</ns1:lower><ns1:upper>35</ns1:upper></ns1:numMale><ns1:numFemale><ns1:lower>42</ns1:lower><ns1:upper>42</ns1:upper></ns1:numFemale><ns1:numUnknown><ns1:lower>0</ns1:lower><ns1:upper>0</ns1:upper></ns1:numUnknown></ns1:ageSlice></ns1:ageSliceList><ns1:eclectic>1 born() at least 18 years before now</ns1:eclectic><numAgeSlices>9</numAgeSlices><ns1:provenanceRecord><ns1:provenanceItemList><ns1:provenanceItem><ns1:count>200</ns1:count><ns1:counterLabel>CLINICAL_FACTS_EXTRACTED</ns1:counterLabel><ns1:order>1</ns1:order></ns1:provenanceItem><ns1:provenanceItem><ns1:count>200</ns1:count><ns1:counterLabel>CODE_MAPPED</ns1:counterLabel><ns1:occurrenceSet>SEX:F to 2.16.840.1.113883.6.96:248152002</ns1:occurrenceSet><ns1:occurrenceSet>SEX:M to 2.16.840.1.113883.6.96:248153007</ns1:occurrenceSet><ns1:order>2</ns1:order></ns1:provenanceItem><ns1:provenanceItem><ns1:count>0</ns1:count><ns1:counterLabel>CODE_NOT_MAPPED</ns1:counterLabel><ns1:order>3</ns1:order></ns1:provenanceItem><ns1:provenanceItem><ns1:count>0</ns1:count><ns1:counterLabel>NO_BIRTH_DATE</ns1:counterLabel><ns1:order>4</ns1:order></ns1:provenanceItem><ns1:provenanceItem><ns1:count>0</ns1:count><ns1:counterLabel>BIRTH_DATE_AFTER_QUERY_DATE</ns1:counterLabel><ns1:order>5</ns1:order></ns1:provenanceItem><ns1:provenanceItem><ns1:count>0</ns1:count><ns1:counterLabel>FACTS_REMOVED_BY_ENCOUNTER_CONSTRAINT</ns1:counterLabel><ns1:order>6</ns1:order></ns1:provenanceItem><ns1:provenanceItem><ns1:count>0</ns1:count><ns1:counterLabel>FACTS_REMOVED_BY_TEMPORAL_CONSTRAINT</ns1:counterLabel><ns1:order>7</ns1:order></ns1:provenanceItem><ns1:provenanceItem><ns1:count>0</ns1:count><ns1:counterLabel>FACTS_REMOVED_BY_FIRST_LAST_QUALIFIER</ns1:counterLabel><ns1:order>8</ns1:order></ns1:provenanceItem></ns1:provenanceItemList></ns1:provenanceRecord><ns1:ruleNumber>1</ns1:ruleNumber><ns1:ruleType>ISOLATED</ns1:ruleType></ns1:patientCount><ns1:patientCount ns1:inclusion="true"><ageInterval>10</ageInterval><ns1:ageSliceList><ns1:ageSlice><ns1:lowerBound>0</ns1:lowerBound><ns1:upperBound>10</ns1:upperBound><ns1:numMale><ns1:lower>0</ns1:lower><ns1:upper>0</ns1:upper></ns1:numMale><ns1:numFemale><ns1:lower>0</ns1:lower><ns1:upper>0</ns1:upper></ns1:numFemale><ns1:numUnknown><ns1:lower>0</ns1:lower><ns1:upper>0</ns1:upper></ns1:numUnknown></ns1:ageSlice><ns1:ageSlice><ns1:lowerBound>10</ns1:lowerBound><ns1:upperBound>20</ns1:upperBound><ns1:numMale><ns1:lower>0</ns1:lower><ns1:upper>0</ns1:upper></ns1:numMale><ns1:numFemale><ns1:lower>1</ns1:lower><ns1:upper>1</ns1:upper></ns1:numFemale><ns1:numUnknown><ns1:lower>0</ns1:lower><ns1:upper>0</ns1:upper></ns1:numUnknown></ns1:ageSlice><ns1:ageSlice><ns1:lowerBound>20</ns1:lowerBound><ns1:upperBound>30</ns1:upperBound><ns1:numMale><ns1:lower>1</ns1:lower><ns1:upper>1</ns1:upper></ns1:numMale><ns1:numFemale><ns1:lower>0</ns1:lower><ns1:upper>0</ns1:upper></ns1:numFemale><ns1:numUnknown><ns1:lower>0</ns1:lower><ns1:upper>0</ns1:upper></ns1:numUnknown></ns1:ageSlice><ns1:ageSlice><ns1:lowerBound>30</ns1:lowerBound><ns1:upperBound>40</ns1:upperBound><ns1:numMale><ns1:lower>2</ns1:lower><ns1:upper>2</ns1:upper></ns1:numMale><ns1:numFemale><ns1:lower>2</ns1:lower><ns1:upper>2</ns1:upper></ns1:numFemale><ns1:numUnknown><ns1:lower>0</ns1:lower><ns1:upper>0</ns1:upper></ns1:numUnknown></ns1:ageSlice><ns1:ageSlice><ns1:lowerBound>40</ns1:lowerBound><ns1:upperBound>50</ns1:upperBound><ns1:numMale><ns1:lower>6</ns1:lower><ns1:upper>6</ns1:upper></ns1:numMale><ns1:numFemale><ns1:lower>6</ns1:lower><ns1:upper>6</ns1:upper></ns1:numFemale><ns1:numUnknown><ns1:lower>0</ns1:lower><ns1:upper>0</ns1:upper></ns1:numUnknown></ns1:ageSlice><ns1:ageSlice><ns1:lowerBound>50</ns1:lowerBound><ns1:upperBound>60</ns1:upperBound><ns1:numMale><ns1:lower>15</ns1:lower><ns1:upper>15</ns1:upper></ns1:numMale><ns1:numFemale><ns1:lower>6</ns1:lower><ns1:upper>6</ns1:upper></ns1:numFemale><ns1:numUnknown><ns1:lower>0</ns1:lower><ns1:upper>0</ns1:upper></ns1:numUnknown></ns1:ageSlice><ns1:ageSlice><ns1:lowerBound>60</ns1:lowerBound><ns1:upperBound>70</ns1:upperBound><ns1:numMale><ns1:lower>25</ns1:lower><ns1:upper>25</ns1:upper></ns1:numMale><ns1:numFemale><ns1:lower>12</ns1:lower><ns1:upper>12</ns1:upper></ns1:numFemale><ns1:numUnknown><ns1:lower>0</ns1:lower><ns1:upper>0</ns1:upper></ns1:numUnknown></ns1:ageSlice><ns1:ageSlice><ns1:lowerBound>70</ns1:lowerBound><ns1:upperBound>80</ns1:upperBound><ns1:numMale><ns1:lower>31</ns1:lower><ns1:upper>31</ns1:upper></ns1:numMale><ns1:numFemale><ns1:lower>16</ns1:lower><ns1:upper>16</ns1:upper></ns1:numFemale><ns1:numUnknown><ns1:lower>0</ns1:lower><ns1:upper>0</ns1:upper></ns1:numUnknown></ns1:ageSlice><ns1:ageSlice><ns1:lowerBound>80</ns1:lowerBound><ns1:numMale><ns1:lower>35</ns1:lower><ns1:upper>35</ns1:upper></ns1:numMale><ns1:numFemale><ns1:lower>42</ns1:lower><ns1:upper>42</ns1:upper></ns1:numFemale><ns1:numUnknown><ns1:lower>0</ns1:lower><ns1:upper>0</ns1:upper></ns1:numUnknown></ns1:ageSlice></ns1:ageSliceList><ns1:eclectic>1 born() at least 18 years before now</ns1:eclectic><numAgeSlices>9</numAgeSlices><ns1:provenanceRecord><ns1:provenanceItemList><ns1:provenanceItem><ns1:count>200</ns1:count><ns1:counterLabel>CLINICAL_FACTS_EXTRACTED</ns1:counterLabel><ns1:order>1</ns1:order></ns1:provenanceItem><ns1:provenanceItem><ns1:count>200</ns1:count><ns1:counterLabel>CODE_MAPPED</ns1:counterLabel><ns1:occurrenceSet>SEX:F to 2.16.840.1.113883.6.96:248152002</ns1:occurrenceSet><ns1:occurrenceSet>SEX:M to 2.16.840.1.113883.6.96:248153007</ns1:occurrenceSet><ns1:order>2</ns1:order></ns1:provenanceItem><ns1:provenanceItem><ns1:count>0</ns1:count><ns1:counterLabel>CODE_NOT_MAPPED</ns1:counterLabel><ns1:order>3</ns1:order></ns1:provenanceItem><ns1:provenanceItem><ns1:count>0</ns1:count><ns1:counterLabel>NO_BIRTH_DATE</ns1:counterLabel><ns1:order>4</ns1:order></ns1:provenanceItem><ns1:provenanceItem><ns1:count>0</ns1:count><ns1:counterLabel>BIRTH_DATE_AFTER_QUERY_DATE</ns1:counterLabel><ns1:order>5</ns1:order></ns1:provenanceItem><ns1:provenanceItem><ns1:count>0</ns1:count><ns1:counterLabel>FACTS_REMOVED_BY_ENCOUNTER_CONSTRAINT</ns1:counterLabel><ns1:order>6</ns1:order></ns1:provenanceItem><ns1:provenanceItem><ns1:count>0</ns1:count><ns1:counterLabel>FACTS_REMOVED_BY_TEMPORAL_CONSTRAINT</ns1:counterLabel><ns1:order>7</ns1:order></ns1:provenanceItem><ns1:provenanceItem><ns1:count>0</ns1:count><ns1:counterLabel>FACTS_REMOVED_BY_FIRST_LAST_QUALIFIER</ns1:counterLabel><ns1:order>8</ns1:order></ns1:provenanceItem></ns1:provenanceItemList></ns1:provenanceRecord><ns1:ruleNumber>1</ns1:ruleNumber><ns1:ruleType>SINGLE</ns1:ruleType></ns1:patientCount><ns1:patientCount ns1:inclusion="true"><ageInterval>10</ageInterval><ns1:ageSliceList><ns1:ageSlice><ns1:lowerBound>0</ns1:lowerBound><ns1:upperBound>10</ns1:upperBound><ns1:numMale><ns1:lower>0</ns1:lower><ns1:upper>0</ns1:upper></ns1:numMale><ns1:numFemale><ns1:lower>0</ns1:lower><ns1:upper>0</ns1:upper></ns1:numFemale><ns1:numUnknown><ns1:lower>0</ns1:lower><ns1:upper>0</ns1:upper></ns1:numUnknown></ns1:ageSlice><ns1:ageSlice><ns1:lowerBound>10</ns1:lowerBound><ns1:upperBound>20</ns1:upperBound><ns1:numMale><ns1:lower>0</ns1:lower><ns1:upper>0</ns1:upper></ns1:numMale><ns1:numFemale><ns1:lower>1</ns1:lower><ns1:upper>1</ns1:upper></ns1:numFemale><ns1:numUnknown><ns1:lower>0</ns1:lower><ns1:upper>0</ns1:upper></ns1:numUnknown></ns1:ageSlice><ns1:ageSlice><ns1:lowerBound>20</ns1:lowerBound><ns1:upperBound>30</ns1:upperBound><ns1:numMale><ns1:lower>1</ns1:lower><ns1:upper>1</ns1:upper></ns1:numMale><ns1:numFemale><ns1:lower>0</ns1:lower><ns1:upper>0</ns1:upper></ns1:numFemale><ns1:numUnknown><ns1:lower>0</ns1:lower><ns1:upper>0</ns1:upper></ns1:numUnknown></ns1:ageSlice><ns1:ageSlice><ns1:lowerBound>30</ns1:lowerBound><ns1:upperBound>40</ns1:upperBound><ns1:numMale><ns1:lower>2</ns1:lower><ns1:upper>2</ns1:upper></ns1:numMale><ns1:numFemale><ns1:lower>2</ns1:lower><ns1:upper>2</ns1:upper></ns1:numFemale><ns1:numUnknown><ns1:lower>0</ns1:lower><ns1:upper>0</ns1:upper></ns1:numUnknown></ns1:ageSlice><ns1:ageSlice><ns1:lowerBound>40</ns1:lowerBound><ns1:upperBound>50</ns1:upperBound><ns1:numMale><ns1:lower>6</ns1:lower><ns1:upper>6</ns1:upper></ns1:numMale><ns1:numFemale><ns1:lower>6</ns1:lower><ns1:upper>6</ns1:upper></ns1:numFemale><ns1:numUnknown><ns1:lower>0</ns1:lower><ns1:upper>0</ns1:upper></ns1:numUnknown></ns1:ageSlice><ns1:ageSlice><ns1:lowerBound>50</ns1:lowerBound><ns1:upperBound>60</ns1:upperBound><ns1:numMale><ns1:lower>15</ns1:lower><ns1:upper>15</ns1:upper></ns1:numMale><ns1:numFemale><ns1:lower>6</ns1:lower><ns1:upper>6</ns1:upper></ns1:numFemale><ns1:numUnknown><ns1:lower>0</ns1:lower><ns1:upper>0</ns1:upper></ns1:numUnknown></ns1:ageSlice><ns1:ageSlice><ns1:lowerBound>60</ns1:lowerBound><ns1:upperBound>70</ns1:upperBound><ns1:numMale><ns1:lower>25</ns1:lower><ns1:upper>25</ns1:upper></ns1:numMale><ns1:numFemale><ns1:lower>12</ns1:lower><ns1:upper>12</ns1:upper></ns1:numFemale><ns1:numUnknown><ns1:lower>0</ns1:lower><ns1:upper>0</ns1:upper></ns1:numUnknown></ns1:ageSlice><ns1:ageSlice><ns1:lowerBound>70</ns1:lowerBound><ns1:upperBound>80</ns1:upperBound><ns1:numMale><ns1:lower>31</ns1:lower><ns1:upper>31</ns1:upper></ns1:numMale><ns1:numFemale><ns1:lower>16</ns1:lower><ns1:upper>16</ns1:upper></ns1:numFemale><ns1:numUnknown><ns1:lower>0</ns1:lower><ns1:upper>0</ns1:upper></ns1:numUnknown></ns1:ageSlice><ns1:ageSlice><ns1:lowerBound>80</ns1:lowerBound><ns1:numMale><ns1:lower>35</ns1:lower><ns1:upper>35</ns1:upper></ns1:numMale><ns1:numFemale><ns1:lower>42</ns1:lower><ns1:upper>42</ns1:upper></ns1:numFemale><ns1:numUnknown><ns1:lower>0</ns1:lower><ns1:upper>0</ns1:upper></ns1:numUnknown></ns1:ageSlice></ns1:ageSliceList><ns1:eclectic>1 born() at least 18 years before now</ns1:eclectic><ns1:label>&amp;lt;div&amp;gt;&amp;lt;span class="filter-option"&amp;gt;More or equals to 18 Years old&amp;lt;/span&amp;gt;&amp;lt;/div&amp;gt;</ns1:label><numAgeSlices>9</numAgeSlices><ns1:provenanceRecord><ns1:provenanceItemList><ns1:provenanceItem><ns1:count>0</ns1:count><ns1:counterLabel>FACTS_REMOVED_BY_TEMPORAL_CONSTRAINT</ns1:counterLabel><ns1:order>7</ns1:order></ns1:provenanceItem><ns1:provenanceItem><ns1:count>0</ns1:count><ns1:counterLabel>CODE_NOT_MAPPED</ns1:counterLabel><ns1:order>3</ns1:order></ns1:provenanceItem><ns1:provenanceItem><ns1:count>200</ns1:count><ns1:counterLabel>CODE_MAPPED</ns1:counterLabel><ns1:occurrenceSet>SEX:F to 2.16.840.1.113883.6.96:248152002</ns1:occurrenceSet><ns1:occurrenceSet>SEX:M to 2.16.840.1.113883.6.96:248153007</ns1:occurrenceSet><ns1:order>2</ns1:order></ns1:provenanceItem><ns1:provenanceItem><ns1:count>200</ns1:count><ns1:counterLabel>CLINICAL_FACTS_EXTRACTED</ns1:counterLabel><ns1:order>1</ns1:order></ns1:provenanceItem><ns1:provenanceItem><ns1:count>0</ns1:count><ns1:counterLabel>BIRTH_DATE_AFTER_QUERY_DATE</ns1:counterLabel><ns1:order>5</ns1:order></ns1:provenanceItem><ns1:provenanceItem><ns1:count>0</ns1:count><ns1:counterLabel>FACTS_REMOVED_BY_ENCOUNTER_CONSTRAINT</ns1:counterLabel><ns1:order>6</ns1:order></ns1:provenanceItem><ns1:provenanceItem><ns1:count>0</ns1:count><ns1:counterLabel>NO_BIRTH_DATE</ns1:counterLabel><ns1:order>4</ns1:order></ns1:provenanceItem><ns1:provenanceItem><ns1:count>0</ns1:count><ns1:counterLabel>FACTS_REMOVED_BY_FIRST_LAST_QUALIFIER</ns1:counterLabel><ns1:order>8</ns1:order></ns1:provenanceItem></ns1:provenanceItemList></ns1:provenanceRecord><ns1:ruleNumber>1</ns1:ruleNumber><ns1:ruleType>COMPOUND_ISOLATED</ns1:ruleType></ns1:patientCount><ns1:patientCount ns1:inclusion="true"><ageInterval>10</ageInterval><ns1:ageSliceList><ns1:ageSlice><ns1:lowerBound>0</ns1:lowerBound><ns1:upperBound>10</ns1:upperBound><ns1:numMale><ns1:lower>0</ns1:lower><ns1:upper>0</ns1:upper></ns1:numMale><ns1:numFemale><ns1:lower>0</ns1:lower><ns1:upper>0</ns1:upper></ns1:numFemale><ns1:numUnknown><ns1:lower>0</ns1:lower><ns1:upper>0</ns1:upper></ns1:numUnknown></ns1:ageSlice><ns1:ageSlice><ns1:lowerBound>10</ns1:lowerBound><ns1:upperBound>20</ns1:upperBound><ns1:numMale><ns1:lower>0</ns1:lower><ns1:upper>0</ns1:upper></ns1:numMale><ns1:numFemale><ns1:lower>1</ns1:lower><ns1:upper>1</ns1:upper></ns1:numFemale><ns1:numUnknown><ns1:lower>0</ns1:lower><ns1:upper>0</ns1:upper></ns1:numUnknown></ns1:ageSlice><ns1:ageSlice><ns1:lowerBound>20</ns1:lowerBound><ns1:upperBound>30</ns1:upperBound><ns1:numMale><ns1:lower>1</ns1:lower><ns1:upper>1</ns1:upper></ns1:numMale><ns1:numFemale><ns1:lower>0</ns1:lower><ns1:upper>0</ns1:upper></ns1:numFemale><ns1:numUnknown><ns1:lower>0</ns1:lower><ns1:upper>0</ns1:upper></ns1:numUnknown></ns1:ageSlice><ns1:ageSlice><ns1:lowerBound>30</ns1:lowerBound><ns1:upperBound>40</ns1:upperBound><ns1:numMale><ns1:lower>2</ns1:lower><ns1:upper>2</ns1:upper></ns1:numMale><ns1:numFemale><ns1:lower>2</ns1:lower><ns1:upper>2</ns1:upper></ns1:numFemale><ns1:numUnknown><ns1:lower>0</ns1:lower><ns1:upper>0</ns1:upper></ns1:numUnknown></ns1:ageSlice><ns1:ageSlice><ns1:lowerBound>40</ns1:lowerBound><ns1:upperBound>50</ns1:upperBound><ns1:numMale><ns1:lower>6</ns1:lower><ns1:upper>6</ns1:upper></ns1:numMale><ns1:numFemale><ns1:lower>6</ns1:lower><ns1:upper>6</ns1:upper></ns1:numFemale><ns1:numUnknown><ns1:lower>0</ns1:lower><ns1:upper>0</ns1:upper></ns1:numUnknown></ns1:ageSlice><ns1:ageSlice><ns1:lowerBound>50</ns1:lowerBound><ns1:upperBound>60</ns1:upperBound><ns1:numMale><ns1:lower>15</ns1:lower><ns1:upper>15</ns1:upper></ns1:numMale><ns1:numFemale><ns1:lower>6</ns1:lower><ns1:upper>6</ns1:upper></ns1:numFemale><ns1:numUnknown><ns1:lower>0</ns1:lower><ns1:upper>0</ns1:upper></ns1:numUnknown></ns1:ageSlice><ns1:ageSlice><ns1:lowerBound>60</ns1:lowerBound><ns1:upperBound>70</ns1:upperBound><ns1:numMale><ns1:lower>25</ns1:lower><ns1:upper>25</ns1:upper></ns1:numMale><ns1:numFemale><ns1:lower>12</ns1:lower><ns1:upper>12</ns1:upper></ns1:numFemale><ns1:numUnknown><ns1:lower>0</ns1:lower><ns1:upper>0</ns1:upper></ns1:numUnknown></ns1:ageSlice><ns1:ageSlice><ns1:lowerBound>70</ns1:lowerBound><ns1:upperBound>80</ns1:upperBound><ns1:numMale><ns1:lower>31</ns1:lower><ns1:upper>31</ns1:upper></ns1:numMale><ns1:numFemale><ns1:lower>16</ns1:lower><ns1:upper>16</ns1:upper></ns1:numFemale><ns1:numUnknown><ns1:lower>0</ns1:lower><ns1:upper>0</ns1:upper></ns1:numUnknown></ns1:ageSlice><ns1:ageSlice><ns1:lowerBound>80</ns1:lowerBound><ns1:numMale><ns1:lower>35</ns1:lower><ns1:upper>35</ns1:upper></ns1:numMale><ns1:numFemale><ns1:lower>42</ns1:lower><ns1:upper>42</ns1:upper></ns1:numFemale><ns1:numUnknown><ns1:lower>0</ns1:lower><ns1:upper>0</ns1:upper></ns1:numUnknown></ns1:ageSlice></ns1:ageSliceList><ns1:eclectic>1 born() at least 18 years before now</ns1:eclectic><ns1:label>&amp;lt;div&amp;gt;&amp;lt;span class="filter-option"&amp;gt;More or equals to 18 Years old&amp;lt;/span&amp;gt;&amp;lt;/div&amp;gt;</ns1:label><numAgeSlices>9</numAgeSlices><ns1:provenanceRecord><ns1:provenanceItemList><ns1:provenanceItem><ns1:count>0</ns1:count><ns1:counterLabel>FACTS_REMOVED_BY_TEMPORAL_CONSTRAINT</ns1:counterLabel><ns1:order>7</ns1:order></ns1:provenanceItem><ns1:provenanceItem><ns1:count>0</ns1:count><ns1:counterLabel>CODE_NOT_MAPPED</ns1:counterLabel><ns1:order>3</ns1:order></ns1:provenanceItem><ns1:provenanceItem><ns1:count>200</ns1:count><ns1:counterLabel>CODE_MAPPED</ns1:counterLabel><ns1:occurrenceSet>SEX:F to 2.16.840.1.113883.6.96:248152002</ns1:occurrenceSet><ns1:occurrenceSet>SEX:M to 2.16.840.1.113883.6.96:248153007</ns1:occurrenceSet><ns1:order>2</ns1:order></ns1:provenanceItem><ns1:provenanceItem><ns1:count>200</ns1:count><ns1:counterLabel>CLINICAL_FACTS_EXTRACTED</ns1:counterLabel><ns1:order>1</ns1:order></ns1:provenanceItem><ns1:provenanceItem><ns1:count>0</ns1:count><ns1:counterLabel>BIRTH_DATE_AFTER_QUERY_DATE</ns1:counterLabel><ns1:order>5</ns1:order></ns1:provenanceItem><ns1:provenanceItem><ns1:count>0</ns1:count><ns1:counterLabel>FACTS_REMOVED_BY_ENCOUNTER_CONSTRAINT</ns1:counterLabel><ns1:order>6</ns1:order></ns1:provenanceItem><ns1:provenanceItem><ns1:count>0</ns1:count><ns1:counterLabel>NO_BIRTH_DATE</ns1:counterLabel><ns1:order>4</ns1:order></ns1:provenanceItem><ns1:provenanceItem><ns1:count>0</ns1:count><ns1:counterLabel>FACTS_REMOVED_BY_FIRST_LAST_QUALIFIER</ns1:counterLabel><ns1:order>8</ns1:order></ns1:provenanceItem></ns1:provenanceItemList></ns1:provenanceRecord><ns1:ruleNumber>1</ns1:ruleNumber><ns1:ruleType>COMPOUND</ns1:ruleType></ns1:patientCount></ns1:patientCountList><ns1:rejectionReason></ns1:rejectionReason><ns1:studyName>newest</ns1:studyName><ns1:versionInfo><ns1:module><ns1:id>org.ehr4cr:endpoint</ns1:id><ns1:version>4.0.11-SNAPSHOT</ns1:version></ns1:module><ns1:module><ns1:id>org.ehr4cr.kcl:BlueModel</ns1:id><ns1:version>3.1.9-SNAPSHOT</ns1:version></ns1:module><ns1:module><ns1:id>org.ehr4cr.kcl:BasicUtils</ns1:id><ns1:version>3.1.11-SNAPSHOT</ns1:version></ns1:module><ns1:module><ns1:id>org.ehr4cr.kcl:DirectQueryConstruction</ns1:id><ns1:version>2.2.2-SNAPSHOT</ns1:version></ns1:module></ns1:versionInfo></ns1:feasibilityResult>'
									,100001
									,100001);
INSERT INTO QT_XML_RESULT(XML_VALUE,RESULT_INSTANCE_ID,XML_RESULT_ID) VALUES('<?xml version="1.0" encoding="UTF-8" standalone="yes"?><ns1:feasibilityResult xmlns:ns1="http://www.ehr4cr.eu/schema/services/pfs/1.0"><ns1:endpointId></ns1:endpointId><ns1:patientCountList><ns1:patientCount><ageInterval>10</ageInterval><ns1:ageSliceList><ns1:ageSlice><ns1:lowerBound>0</ns1:lowerBound><ns1:upperBound>10</ns1:upperBound><ns1:numMale><ns1:lower>0</ns1:lower><ns1:upper>0</ns1:upper></ns1:numMale><ns1:numFemale><ns1:lower>0</ns1:lower><ns1:upper>0</ns1:upper></ns1:numFemale><ns1:numUnknown><ns1:lower>0</ns1:lower><ns1:upper>0</ns1:upper></ns1:numUnknown></ns1:ageSlice><ns1:ageSlice><ns1:lowerBound>10</ns1:lowerBound><ns1:upperBound>20</ns1:upperBound><ns1:numMale><ns1:lower>0</ns1:lower><ns1:upper>0</ns1:upper></ns1:numMale><ns1:numFemale><ns1:lower>1</ns1:lower><ns1:upper>1</ns1:upper></ns1:numFemale><ns1:numUnknown><ns1:lower>0</ns1:lower><ns1:upper>0</ns1:upper></ns1:numUnknown></ns1:ageSlice><ns1:ageSlice><ns1:lowerBound>20</ns1:lowerBound><ns1:upperBound>30</ns1:upperBound><ns1:numMale><ns1:lower>1</ns1:lower><ns1:upper>1</ns1:upper></ns1:numMale><ns1:numFemale><ns1:lower>0</ns1:lower><ns1:upper>0</ns1:upper></ns1:numFemale><ns1:numUnknown><ns1:lower>0</ns1:lower><ns1:upper>0</ns1:upper></ns1:numUnknown></ns1:ageSlice><ns1:ageSlice><ns1:lowerBound>30</ns1:lowerBound><ns1:upperBound>40</ns1:upperBound><ns1:numMale><ns1:lower>2</ns1:lower><ns1:upper>2</ns1:upper></ns1:numMale><ns1:numFemale><ns1:lower>2</ns1:lower><ns1:upper>2</ns1:upper></ns1:numFemale><ns1:numUnknown><ns1:lower>0</ns1:lower><ns1:upper>0</ns1:upper></ns1:numUnknown></ns1:ageSlice><ns1:ageSlice><ns1:lowerBound>40</ns1:lowerBound><ns1:upperBound>50</ns1:upperBound><ns1:numMale><ns1:lower>6</ns1:lower><ns1:upper>6</ns1:upper></ns1:numMale><ns1:numFemale><ns1:lower>6</ns1:lower><ns1:upper>6</ns1:upper></ns1:numFemale><ns1:numUnknown><ns1:lower>0</ns1:lower><ns1:upper>0</ns1:upper></ns1:numUnknown></ns1:ageSlice><ns1:ageSlice><ns1:lowerBound>50</ns1:lowerBound><ns1:upperBound>60</ns1:upperBound><ns1:numMale><ns1:lower>15</ns1:lower><ns1:upper>15</ns1:upper></ns1:numMale><ns1:numFemale><ns1:lower>6</ns1:lower><ns1:upper>6</ns1:upper></ns1:numFemale><ns1:numUnknown><ns1:lower>0</ns1:lower><ns1:upper>0</ns1:upper></ns1:numUnknown></ns1:ageSlice><ns1:ageSlice><ns1:lowerBound>60</ns1:lowerBound><ns1:upperBound>70</ns1:upperBound><ns1:numMale><ns1:lower>25</ns1:lower><ns1:upper>25</ns1:upper></ns1:numMale><ns1:numFemale><ns1:lower>12</ns1:lower><ns1:upper>12</ns1:upper></ns1:numFemale><ns1:numUnknown><ns1:lower>0</ns1:lower><ns1:upper>0</ns1:upper></ns1:numUnknown></ns1:ageSlice><ns1:ageSlice><ns1:lowerBound>70</ns1:lowerBound><ns1:upperBound>80</ns1:upperBound><ns1:numMale><ns1:lower>31</ns1:lower><ns1:upper>31</ns1:upper></ns1:numMale><ns1:numFemale><ns1:lower>16</ns1:lower><ns1:upper>16</ns1:upper></ns1:numFemale><ns1:numUnknown><ns1:lower>0</ns1:lower><ns1:upper>0</ns1:upper></ns1:numUnknown></ns1:ageSlice><ns1:ageSlice><ns1:lowerBound>80</ns1:lowerBound><ns1:numMale><ns1:lower>35</ns1:lower><ns1:upper>35</ns1:upper></ns1:numMale><ns1:numFemale><ns1:lower>42</ns1:lower><ns1:upper>42</ns1:upper></ns1:numFemale><ns1:numUnknown><ns1:lower>0</ns1:lower><ns1:upper>0</ns1:upper></ns1:numUnknown></ns1:ageSlice></ns1:ageSliceList><ns1:eclectic>Entire data warehouse</ns1:eclectic><numAgeSlices>9</numAgeSlices><ns1:provenanceRecord><ns1:provenanceItemList><ns1:provenanceItem><ns1:count>0</ns1:count><ns1:counterLabel>CODE_NOT_MAPPED</ns1:counterLabel><ns1:order>3</ns1:order></ns1:provenanceItem><ns1:provenanceItem><ns1:count>200</ns1:count><ns1:counterLabel>CODE_MAPPED</ns1:counterLabel><ns1:occurrenceSet>SEX:F to 2.16.840.1.113883.6.96:248152002</ns1:occurrenceSet><ns1:occurrenceSet>SEX:M to 2.16.840.1.113883.6.96:248153007</ns1:occurrenceSet><ns1:order>2</ns1:order></ns1:provenanceItem><ns1:provenanceItem><ns1:count>200</ns1:count><ns1:counterLabel>CLINICAL_FACTS_EXTRACTED</ns1:counterLabel><ns1:order>1</ns1:order></ns1:provenanceItem><ns1:provenanceItem><ns1:count>0</ns1:count><ns1:counterLabel>BIRTH_DATE_AFTER_QUERY_DATE</ns1:counterLabel><ns1:order>5</ns1:order></ns1:provenanceItem><ns1:provenanceItem><ns1:count>0</ns1:count><ns1:counterLabel>NO_BIRTH_DATE</ns1:counterLabel><ns1:order>4</ns1:order></ns1:provenanceItem></ns1:provenanceItemList></ns1:provenanceRecord><ns1:ruleNumber>0</ns1:ruleNumber><ns1:ruleType>SINGLE</ns1:ruleType></ns1:patientCount><ns1:patientCount ns1:inclusion="true"><ageInterval>10</ageInterval><ns1:ageSliceList><ns1:ageSlice><ns1:lowerBound>0</ns1:lowerBound><ns1:upperBound>10</ns1:upperBound><ns1:numMale><ns1:lower>0</ns1:lower><ns1:upper>0</ns1:upper></ns1:numMale><ns1:numFemale><ns1:lower>0</ns1:lower><ns1:upper>0</ns1:upper></ns1:numFemale><ns1:numUnknown><ns1:lower>0</ns1:lower><ns1:upper>0</ns1:upper></ns1:numUnknown></ns1:ageSlice><ns1:ageSlice><ns1:lowerBound>10</ns1:lowerBound><ns1:upperBound>20</ns1:upperBound><ns1:numMale><ns1:lower>0</ns1:lower><ns1:upper>0</ns1:upper></ns1:numMale><ns1:numFemale><ns1:lower>1</ns1:lower><ns1:upper>1</ns1:upper></ns1:numFemale><ns1:numUnknown><ns1:lower>0</ns1:lower><ns1:upper>0</ns1:upper></ns1:numUnknown></ns1:ageSlice><ns1:ageSlice><ns1:lowerBound>20</ns1:lowerBound><ns1:upperBound>30</ns1:upperBound><ns1:numMale><ns1:lower>1</ns1:lower><ns1:upper>1</ns1:upper></ns1:numMale><ns1:numFemale><ns1:lower>0</ns1:lower><ns1:upper>0</ns1:upper></ns1:numFemale><ns1:numUnknown><ns1:lower>0</ns1:lower><ns1:upper>0</ns1:upper></ns1:numUnknown></ns1:ageSlice><ns1:ageSlice><ns1:lowerBound>30</ns1:lowerBound><ns1:upperBound>40</ns1:upperBound><ns1:numMale><ns1:lower>2</ns1:lower><ns1:upper>2</ns1:upper></ns1:numMale><ns1:numFemale><ns1:lower>2</ns1:lower><ns1:upper>2</ns1:upper></ns1:numFemale><ns1:numUnknown><ns1:lower>0</ns1:lower><ns1:upper>0</ns1:upper></ns1:numUnknown></ns1:ageSlice><ns1:ageSlice><ns1:lowerBound>40</ns1:lowerBound><ns1:upperBound>50</ns1:upperBound><ns1:numMale><ns1:lower>6</ns1:lower><ns1:upper>6</ns1:upper></ns1:numMale><ns1:numFemale><ns1:lower>6</ns1:lower><ns1:upper>6</ns1:upper></ns1:numFemale><ns1:numUnknown><ns1:lower>0</ns1:lower><ns1:upper>0</ns1:upper></ns1:numUnknown></ns1:ageSlice><ns1:ageSlice><ns1:lowerBound>50</ns1:lowerBound><ns1:upperBound>60</ns1:upperBound><ns1:numMale><ns1:lower>15</ns1:lower><ns1:upper>15</ns1:upper></ns1:numMale><ns1:numFemale><ns1:lower>6</ns1:lower><ns1:upper>6</ns1:upper></ns1:numFemale><ns1:numUnknown><ns1:lower>0</ns1:lower><ns1:upper>0</ns1:upper></ns1:numUnknown></ns1:ageSlice><ns1:ageSlice><ns1:lowerBound>60</ns1:lowerBound><ns1:upperBound>70</ns1:upperBound><ns1:numMale><ns1:lower>25</ns1:lower><ns1:upper>25</ns1:upper></ns1:numMale><ns1:numFemale><ns1:lower>12</ns1:lower><ns1:upper>12</ns1:upper></ns1:numFemale><ns1:numUnknown><ns1:lower>0</ns1:lower><ns1:upper>0</ns1:upper></ns1:numUnknown></ns1:ageSlice><ns1:ageSlice><ns1:lowerBound>70</ns1:lowerBound><ns1:upperBound>80</ns1:upperBound><ns1:numMale><ns1:lower>31</ns1:lower><ns1:upper>31</ns1:upper></ns1:numMale><ns1:numFemale><ns1:lower>16</ns1:lower><ns1:upper>16</ns1:upper></ns1:numFemale><ns1:numUnknown><ns1:lower>0</ns1:lower><ns1:upper>0</ns1:upper></ns1:numUnknown></ns1:ageSlice><ns1:ageSlice><ns1:lowerBound>80</ns1:lowerBound><ns1:numMale><ns1:lower>35</ns1:lower><ns1:upper>35</ns1:upper></ns1:numMale><ns1:numFemale><ns1:lower>42</ns1:lower><ns1:upper>42</ns1:upper></ns1:numFemale><ns1:numUnknown><ns1:lower>0</ns1:lower><ns1:upper>0</ns1:upper></ns1:numUnknown></ns1:ageSlice></ns1:ageSliceList><ns1:eclectic>1 born() at least 18 years before now</ns1:eclectic><numAgeSlices>9</numAgeSlices><ns1:provenanceRecord><ns1:provenanceItemList><ns1:provenanceItem><ns1:count>200</ns1:count><ns1:counterLabel>CLINICAL_FACTS_EXTRACTED</ns1:counterLabel><ns1:order>1</ns1:order></ns1:provenanceItem><ns1:provenanceItem><ns1:count>200</ns1:count><ns1:counterLabel>CODE_MAPPED</ns1:counterLabel><ns1:occurrenceSet>SEX:F to 2.16.840.1.113883.6.96:248152002</ns1:occurrenceSet><ns1:occurrenceSet>SEX:M to 2.16.840.1.113883.6.96:248153007</ns1:occurrenceSet><ns1:order>2</ns1:order></ns1:provenanceItem><ns1:provenanceItem><ns1:count>0</ns1:count><ns1:counterLabel>CODE_NOT_MAPPED</ns1:counterLabel><ns1:order>3</ns1:order></ns1:provenanceItem><ns1:provenanceItem><ns1:count>0</ns1:count><ns1:counterLabel>NO_BIRTH_DATE</ns1:counterLabel><ns1:order>4</ns1:order></ns1:provenanceItem><ns1:provenanceItem><ns1:count>0</ns1:count><ns1:counterLabel>BIRTH_DATE_AFTER_QUERY_DATE</ns1:counterLabel><ns1:order>5</ns1:order></ns1:provenanceItem><ns1:provenanceItem><ns1:count>0</ns1:count><ns1:counterLabel>FACTS_REMOVED_BY_ENCOUNTER_CONSTRAINT</ns1:counterLabel><ns1:order>6</ns1:order></ns1:provenanceItem><ns1:provenanceItem><ns1:count>0</ns1:count><ns1:counterLabel>FACTS_REMOVED_BY_TEMPORAL_CONSTRAINT</ns1:counterLabel><ns1:order>7</ns1:order></ns1:provenanceItem><ns1:provenanceItem><ns1:count>0</ns1:count><ns1:counterLabel>FACTS_REMOVED_BY_FIRST_LAST_QUALIFIER</ns1:counterLabel><ns1:order>8</ns1:order></ns1:provenanceItem></ns1:provenanceItemList></ns1:provenanceRecord><ns1:ruleNumber>1</ns1:ruleNumber><ns1:ruleType>ISOLATED</ns1:ruleType></ns1:patientCount><ns1:patientCount ns1:inclusion="true"><ageInterval>10</ageInterval><ns1:ageSliceList><ns1:ageSlice><ns1:lowerBound>0</ns1:lowerBound><ns1:upperBound>10</ns1:upperBound><ns1:numMale><ns1:lower>0</ns1:lower><ns1:upper>0</ns1:upper></ns1:numMale><ns1:numFemale><ns1:lower>0</ns1:lower><ns1:upper>0</ns1:upper></ns1:numFemale><ns1:numUnknown><ns1:lower>0</ns1:lower><ns1:upper>0</ns1:upper></ns1:numUnknown></ns1:ageSlice><ns1:ageSlice><ns1:lowerBound>10</ns1:lowerBound><ns1:upperBound>20</ns1:upperBound><ns1:numMale><ns1:lower>0</ns1:lower><ns1:upper>0</ns1:upper></ns1:numMale><ns1:numFemale><ns1:lower>1</ns1:lower><ns1:upper>1</ns1:upper></ns1:numFemale><ns1:numUnknown><ns1:lower>0</ns1:lower><ns1:upper>0</ns1:upper></ns1:numUnknown></ns1:ageSlice><ns1:ageSlice><ns1:lowerBound>20</ns1:lowerBound><ns1:upperBound>30</ns1:upperBound><ns1:numMale><ns1:lower>1</ns1:lower><ns1:upper>1</ns1:upper></ns1:numMale><ns1:numFemale><ns1:lower>0</ns1:lower><ns1:upper>0</ns1:upper></ns1:numFemale><ns1:numUnknown><ns1:lower>0</ns1:lower><ns1:upper>0</ns1:upper></ns1:numUnknown></ns1:ageSlice><ns1:ageSlice><ns1:lowerBound>30</ns1:lowerBound><ns1:upperBound>40</ns1:upperBound><ns1:numMale><ns1:lower>2</ns1:lower><ns1:upper>2</ns1:upper></ns1:numMale><ns1:numFemale><ns1:lower>2</ns1:lower><ns1:upper>2</ns1:upper></ns1:numFemale><ns1:numUnknown><ns1:lower>0</ns1:lower><ns1:upper>0</ns1:upper></ns1:numUnknown></ns1:ageSlice><ns1:ageSlice><ns1:lowerBound>40</ns1:lowerBound><ns1:upperBound>50</ns1:upperBound><ns1:numMale><ns1:lower>6</ns1:lower><ns1:upper>6</ns1:upper></ns1:numMale><ns1:numFemale><ns1:lower>6</ns1:lower><ns1:upper>6</ns1:upper></ns1:numFemale><ns1:numUnknown><ns1:lower>0</ns1:lower><ns1:upper>0</ns1:upper></ns1:numUnknown></ns1:ageSlice><ns1:ageSlice><ns1:lowerBound>50</ns1:lowerBound><ns1:upperBound>60</ns1:upperBound><ns1:numMale><ns1:lower>15</ns1:lower><ns1:upper>15</ns1:upper></ns1:numMale><ns1:numFemale><ns1:lower>6</ns1:lower><ns1:upper>6</ns1:upper></ns1:numFemale><ns1:numUnknown><ns1:lower>0</ns1:lower><ns1:upper>0</ns1:upper></ns1:numUnknown></ns1:ageSlice><ns1:ageSlice><ns1:lowerBound>60</ns1:lowerBound><ns1:upperBound>70</ns1:upperBound><ns1:numMale><ns1:lower>25</ns1:lower><ns1:upper>25</ns1:upper></ns1:numMale><ns1:numFemale><ns1:lower>12</ns1:lower><ns1:upper>12</ns1:upper></ns1:numFemale><ns1:numUnknown><ns1:lower>0</ns1:lower><ns1:upper>0</ns1:upper></ns1:numUnknown></ns1:ageSlice><ns1:ageSlice><ns1:lowerBound>70</ns1:lowerBound><ns1:upperBound>80</ns1:upperBound><ns1:numMale><ns1:lower>31</ns1:lower><ns1:upper>31</ns1:upper></ns1:numMale><ns1:numFemale><ns1:lower>16</ns1:lower><ns1:upper>16</ns1:upper></ns1:numFemale><ns1:numUnknown><ns1:lower>0</ns1:lower><ns1:upper>0</ns1:upper></ns1:numUnknown></ns1:ageSlice><ns1:ageSlice><ns1:lowerBound>80</ns1:lowerBound><ns1:numMale><ns1:lower>35</ns1:lower><ns1:upper>35</ns1:upper></ns1:numMale><ns1:numFemale><ns1:lower>42</ns1:lower><ns1:upper>42</ns1:upper></ns1:numFemale><ns1:numUnknown><ns1:lower>0</ns1:lower><ns1:upper>0</ns1:upper></ns1:numUnknown></ns1:ageSlice></ns1:ageSliceList><ns1:eclectic>1 born() at least 18 years before now</ns1:eclectic><numAgeSlices>9</numAgeSlices><ns1:provenanceRecord><ns1:provenanceItemList><ns1:provenanceItem><ns1:count>200</ns1:count><ns1:counterLabel>CLINICAL_FACTS_EXTRACTED</ns1:counterLabel><ns1:order>1</ns1:order></ns1:provenanceItem><ns1:provenanceItem><ns1:count>200</ns1:count><ns1:counterLabel>CODE_MAPPED</ns1:counterLabel><ns1:occurrenceSet>SEX:F to 2.16.840.1.113883.6.96:248152002</ns1:occurrenceSet><ns1:occurrenceSet>SEX:M to 2.16.840.1.113883.6.96:248153007</ns1:occurrenceSet><ns1:order>2</ns1:order></ns1:provenanceItem><ns1:provenanceItem><ns1:count>0</ns1:count><ns1:counterLabel>CODE_NOT_MAPPED</ns1:counterLabel><ns1:order>3</ns1:order></ns1:provenanceItem><ns1:provenanceItem><ns1:count>0</ns1:count><ns1:counterLabel>NO_BIRTH_DATE</ns1:counterLabel><ns1:order>4</ns1:order></ns1:provenanceItem><ns1:provenanceItem><ns1:count>0</ns1:count><ns1:counterLabel>BIRTH_DATE_AFTER_QUERY_DATE</ns1:counterLabel><ns1:order>5</ns1:order></ns1:provenanceItem><ns1:provenanceItem><ns1:count>0</ns1:count><ns1:counterLabel>FACTS_REMOVED_BY_ENCOUNTER_CONSTRAINT</ns1:counterLabel><ns1:order>6</ns1:order></ns1:provenanceItem><ns1:provenanceItem><ns1:count>0</ns1:count><ns1:counterLabel>FACTS_REMOVED_BY_TEMPORAL_CONSTRAINT</ns1:counterLabel><ns1:order>7</ns1:order></ns1:provenanceItem><ns1:provenanceItem><ns1:count>0</ns1:count><ns1:counterLabel>FACTS_REMOVED_BY_FIRST_LAST_QUALIFIER</ns1:counterLabel><ns1:order>8</ns1:order></ns1:provenanceItem></ns1:provenanceItemList></ns1:provenanceRecord><ns1:ruleNumber>1</ns1:ruleNumber><ns1:ruleType>SINGLE</ns1:ruleType></ns1:patientCount><ns1:patientCount ns1:inclusion="true"><ageInterval>10</ageInterval><ns1:ageSliceList><ns1:ageSlice><ns1:lowerBound>0</ns1:lowerBound><ns1:upperBound>10</ns1:upperBound><ns1:numMale><ns1:lower>0</ns1:lower><ns1:upper>0</ns1:upper></ns1:numMale><ns1:numFemale><ns1:lower>0</ns1:lower><ns1:upper>0</ns1:upper></ns1:numFemale><ns1:numUnknown><ns1:lower>0</ns1:lower><ns1:upper>0</ns1:upper></ns1:numUnknown></ns1:ageSlice><ns1:ageSlice><ns1:lowerBound>10</ns1:lowerBound><ns1:upperBound>20</ns1:upperBound><ns1:numMale><ns1:lower>0</ns1:lower><ns1:upper>0</ns1:upper></ns1:numMale><ns1:numFemale><ns1:lower>1</ns1:lower><ns1:upper>1</ns1:upper></ns1:numFemale><ns1:numUnknown><ns1:lower>0</ns1:lower><ns1:upper>0</ns1:upper></ns1:numUnknown></ns1:ageSlice><ns1:ageSlice><ns1:lowerBound>20</ns1:lowerBound><ns1:upperBound>30</ns1:upperBound><ns1:numMale><ns1:lower>1</ns1:lower><ns1:upper>1</ns1:upper></ns1:numMale><ns1:numFemale><ns1:lower>0</ns1:lower><ns1:upper>0</ns1:upper></ns1:numFemale><ns1:numUnknown><ns1:lower>0</ns1:lower><ns1:upper>0</ns1:upper></ns1:numUnknown></ns1:ageSlice><ns1:ageSlice><ns1:lowerBound>30</ns1:lowerBound><ns1:upperBound>40</ns1:upperBound><ns1:numMale><ns1:lower>2</ns1:lower><ns1:upper>2</ns1:upper></ns1:numMale><ns1:numFemale><ns1:lower>2</ns1:lower><ns1:upper>2</ns1:upper></ns1:numFemale><ns1:numUnknown><ns1:lower>0</ns1:lower><ns1:upper>0</ns1:upper></ns1:numUnknown></ns1:ageSlice><ns1:ageSlice><ns1:lowerBound>40</ns1:lowerBound><ns1:upperBound>50</ns1:upperBound><ns1:numMale><ns1:lower>6</ns1:lower><ns1:upper>6</ns1:upper></ns1:numMale><ns1:numFemale><ns1:lower>6</ns1:lower><ns1:upper>6</ns1:upper></ns1:numFemale><ns1:numUnknown><ns1:lower>0</ns1:lower><ns1:upper>0</ns1:upper></ns1:numUnknown></ns1:ageSlice><ns1:ageSlice><ns1:lowerBound>50</ns1:lowerBound><ns1:upperBound>60</ns1:upperBound><ns1:numMale><ns1:lower>15</ns1:lower><ns1:upper>15</ns1:upper></ns1:numMale><ns1:numFemale><ns1:lower>6</ns1:lower><ns1:upper>6</ns1:upper></ns1:numFemale><ns1:numUnknown><ns1:lower>0</ns1:lower><ns1:upper>0</ns1:upper></ns1:numUnknown></ns1:ageSlice><ns1:ageSlice><ns1:lowerBound>60</ns1:lowerBound><ns1:upperBound>70</ns1:upperBound><ns1:numMale><ns1:lower>25</ns1:lower><ns1:upper>25</ns1:upper></ns1:numMale><ns1:numFemale><ns1:lower>12</ns1:lower><ns1:upper>12</ns1:upper></ns1:numFemale><ns1:numUnknown><ns1:lower>0</ns1:lower><ns1:upper>0</ns1:upper></ns1:numUnknown></ns1:ageSlice><ns1:ageSlice><ns1:lowerBound>70</ns1:lowerBound><ns1:upperBound>80</ns1:upperBound><ns1:numMale><ns1:lower>31</ns1:lower><ns1:upper>31</ns1:upper></ns1:numMale><ns1:numFemale><ns1:lower>16</ns1:lower><ns1:upper>16</ns1:upper></ns1:numFemale><ns1:numUnknown><ns1:lower>0</ns1:lower><ns1:upper>0</ns1:upper></ns1:numUnknown></ns1:ageSlice><ns1:ageSlice><ns1:lowerBound>80</ns1:lowerBound><ns1:numMale><ns1:lower>35</ns1:lower><ns1:upper>35</ns1:upper></ns1:numMale><ns1:numFemale><ns1:lower>42</ns1:lower><ns1:upper>42</ns1:upper></ns1:numFemale><ns1:numUnknown><ns1:lower>0</ns1:lower><ns1:upper>0</ns1:upper></ns1:numUnknown></ns1:ageSlice></ns1:ageSliceList><ns1:eclectic>1 born() at least 18 years before now</ns1:eclectic><ns1:label>&amp;lt;div&amp;gt;&amp;lt;span class="filter-option"&amp;gt;More or equals to 18 Years old&amp;lt;/span&amp;gt;&amp;lt;/div&amp;gt;</ns1:label><numAgeSlices>9</numAgeSlices><ns1:provenanceRecord><ns1:provenanceItemList><ns1:provenanceItem><ns1:count>0</ns1:count><ns1:counterLabel>FACTS_REMOVED_BY_TEMPORAL_CONSTRAINT</ns1:counterLabel><ns1:order>7</ns1:order></ns1:provenanceItem><ns1:provenanceItem><ns1:count>0</ns1:count><ns1:counterLabel>CODE_NOT_MAPPED</ns1:counterLabel><ns1:order>3</ns1:order></ns1:provenanceItem><ns1:provenanceItem><ns1:count>200</ns1:count><ns1:counterLabel>CODE_MAPPED</ns1:counterLabel><ns1:occurrenceSet>SEX:F to 2.16.840.1.113883.6.96:248152002</ns1:occurrenceSet><ns1:occurrenceSet>SEX:M to 2.16.840.1.113883.6.96:248153007</ns1:occurrenceSet><ns1:order>2</ns1:order></ns1:provenanceItem><ns1:provenanceItem><ns1:count>200</ns1:count><ns1:counterLabel>CLINICAL_FACTS_EXTRACTED</ns1:counterLabel><ns1:order>1</ns1:order></ns1:provenanceItem><ns1:provenanceItem><ns1:count>0</ns1:count><ns1:counterLabel>BIRTH_DATE_AFTER_QUERY_DATE</ns1:counterLabel><ns1:order>5</ns1:order></ns1:provenanceItem><ns1:provenanceItem><ns1:count>0</ns1:count><ns1:counterLabel>FACTS_REMOVED_BY_ENCOUNTER_CONSTRAINT</ns1:counterLabel><ns1:order>6</ns1:order></ns1:provenanceItem><ns1:provenanceItem><ns1:count>0</ns1:count><ns1:counterLabel>NO_BIRTH_DATE</ns1:counterLabel><ns1:order>4</ns1:order></ns1:provenanceItem><ns1:provenanceItem><ns1:count>0</ns1:count><ns1:counterLabel>FACTS_REMOVED_BY_FIRST_LAST_QUALIFIER</ns1:counterLabel><ns1:order>8</ns1:order></ns1:provenanceItem></ns1:provenanceItemList></ns1:provenanceRecord><ns1:ruleNumber>1</ns1:ruleNumber><ns1:ruleType>COMPOUND_ISOLATED</ns1:ruleType></ns1:patientCount><ns1:patientCount ns1:inclusion="true"><ageInterval>10</ageInterval><ns1:ageSliceList><ns1:ageSlice><ns1:lowerBound>0</ns1:lowerBound><ns1:upperBound>10</ns1:upperBound><ns1:numMale><ns1:lower>0</ns1:lower><ns1:upper>0</ns1:upper></ns1:numMale><ns1:numFemale><ns1:lower>0</ns1:lower><ns1:upper>0</ns1:upper></ns1:numFemale><ns1:numUnknown><ns1:lower>0</ns1:lower><ns1:upper>0</ns1:upper></ns1:numUnknown></ns1:ageSlice><ns1:ageSlice><ns1:lowerBound>10</ns1:lowerBound><ns1:upperBound>20</ns1:upperBound><ns1:numMale><ns1:lower>0</ns1:lower><ns1:upper>0</ns1:upper></ns1:numMale><ns1:numFemale><ns1:lower>1</ns1:lower><ns1:upper>1</ns1:upper></ns1:numFemale><ns1:numUnknown><ns1:lower>0</ns1:lower><ns1:upper>0</ns1:upper></ns1:numUnknown></ns1:ageSlice><ns1:ageSlice><ns1:lowerBound>20</ns1:lowerBound><ns1:upperBound>30</ns1:upperBound><ns1:numMale><ns1:lower>1</ns1:lower><ns1:upper>1</ns1:upper></ns1:numMale><ns1:numFemale><ns1:lower>0</ns1:lower><ns1:upper>0</ns1:upper></ns1:numFemale><ns1:numUnknown><ns1:lower>0</ns1:lower><ns1:upper>0</ns1:upper></ns1:numUnknown></ns1:ageSlice><ns1:ageSlice><ns1:lowerBound>30</ns1:lowerBound><ns1:upperBound>40</ns1:upperBound><ns1:numMale><ns1:lower>2</ns1:lower><ns1:upper>2</ns1:upper></ns1:numMale><ns1:numFemale><ns1:lower>2</ns1:lower><ns1:upper>2</ns1:upper></ns1:numFemale><ns1:numUnknown><ns1:lower>0</ns1:lower><ns1:upper>0</ns1:upper></ns1:numUnknown></ns1:ageSlice><ns1:ageSlice><ns1:lowerBound>40</ns1:lowerBound><ns1:upperBound>50</ns1:upperBound><ns1:numMale><ns1:lower>6</ns1:lower><ns1:upper>6</ns1:upper></ns1:numMale><ns1:numFemale><ns1:lower>6</ns1:lower><ns1:upper>6</ns1:upper></ns1:numFemale><ns1:numUnknown><ns1:lower>0</ns1:lower><ns1:upper>0</ns1:upper></ns1:numUnknown></ns1:ageSlice><ns1:ageSlice><ns1:lowerBound>50</ns1:lowerBound><ns1:upperBound>60</ns1:upperBound><ns1:numMale><ns1:lower>15</ns1:lower><ns1:upper>15</ns1:upper></ns1:numMale><ns1:numFemale><ns1:lower>6</ns1:lower><ns1:upper>6</ns1:upper></ns1:numFemale><ns1:numUnknown><ns1:lower>0</ns1:lower><ns1:upper>0</ns1:upper></ns1:numUnknown></ns1:ageSlice><ns1:ageSlice><ns1:lowerBound>60</ns1:lowerBound><ns1:upperBound>70</ns1:upperBound><ns1:numMale><ns1:lower>25</ns1:lower><ns1:upper>25</ns1:upper></ns1:numMale><ns1:numFemale><ns1:lower>12</ns1:lower><ns1:upper>12</ns1:upper></ns1:numFemale><ns1:numUnknown><ns1:lower>0</ns1:lower><ns1:upper>0</ns1:upper></ns1:numUnknown></ns1:ageSlice><ns1:ageSlice><ns1:lowerBound>70</ns1:lowerBound><ns1:upperBound>80</ns1:upperBound><ns1:numMale><ns1:lower>31</ns1:lower><ns1:upper>31</ns1:upper></ns1:numMale><ns1:numFemale><ns1:lower>16</ns1:lower><ns1:upper>16</ns1:upper></ns1:numFemale><ns1:numUnknown><ns1:lower>0</ns1:lower><ns1:upper>0</ns1:upper></ns1:numUnknown></ns1:ageSlice><ns1:ageSlice><ns1:lowerBound>80</ns1:lowerBound><ns1:numMale><ns1:lower>35</ns1:lower><ns1:upper>35</ns1:upper></ns1:numMale><ns1:numFemale><ns1:lower>42</ns1:lower><ns1:upper>42</ns1:upper></ns1:numFemale><ns1:numUnknown><ns1:lower>0</ns1:lower><ns1:upper>0</ns1:upper></ns1:numUnknown></ns1:ageSlice></ns1:ageSliceList><ns1:eclectic>1 born() at least 18 years before now</ns1:eclectic><ns1:label>&amp;lt;div&amp;gt;&amp;lt;span class="filter-option"&amp;gt;More or equals to 18 Years old&amp;lt;/span&amp;gt;&amp;lt;/div&amp;gt;</ns1:label><numAgeSlices>9</numAgeSlices><ns1:provenanceRecord><ns1:provenanceItemList><ns1:provenanceItem><ns1:count>0</ns1:count><ns1:counterLabel>FACTS_REMOVED_BY_TEMPORAL_CONSTRAINT</ns1:counterLabel><ns1:order>7</ns1:order></ns1:provenanceItem><ns1:provenanceItem><ns1:count>0</ns1:count><ns1:counterLabel>CODE_NOT_MAPPED</ns1:counterLabel><ns1:order>3</ns1:order></ns1:provenanceItem><ns1:provenanceItem><ns1:count>200</ns1:count><ns1:counterLabel>CODE_MAPPED</ns1:counterLabel><ns1:occurrenceSet>SEX:F to 2.16.840.1.113883.6.96:248152002</ns1:occurrenceSet><ns1:occurrenceSet>SEX:M to 2.16.840.1.113883.6.96:248153007</ns1:occurrenceSet><ns1:order>2</ns1:order></ns1:provenanceItem><ns1:provenanceItem><ns1:count>200</ns1:count><ns1:counterLabel>CLINICAL_FACTS_EXTRACTED</ns1:counterLabel><ns1:order>1</ns1:order></ns1:provenanceItem><ns1:provenanceItem><ns1:count>0</ns1:count><ns1:counterLabel>BIRTH_DATE_AFTER_QUERY_DATE</ns1:counterLabel><ns1:order>5</ns1:order></ns1:provenanceItem><ns1:provenanceItem><ns1:count>0</ns1:count><ns1:counterLabel>FACTS_REMOVED_BY_ENCOUNTER_CONSTRAINT</ns1:counterLabel><ns1:order>6</ns1:order></ns1:provenanceItem><ns1:provenanceItem><ns1:count>0</ns1:count><ns1:counterLabel>NO_BIRTH_DATE</ns1:counterLabel><ns1:order>4</ns1:order></ns1:provenanceItem><ns1:provenanceItem><ns1:count>0</ns1:count><ns1:counterLabel>FACTS_REMOVED_BY_FIRST_LAST_QUALIFIER</ns1:counterLabel><ns1:order>8</ns1:order></ns1:provenanceItem></ns1:provenanceItemList></ns1:provenanceRecord><ns1:ruleNumber>1</ns1:ruleNumber><ns1:ruleType>COMPOUND</ns1:ruleType></ns1:patientCount></ns1:patientCountList><ns1:rejectionReason></ns1:rejectionReason><ns1:studyName>newest</ns1:studyName><ns1:versionInfo><ns1:module><ns1:id>org.ehr4cr:endpoint</ns1:id><ns1:version>4.0.11-SNAPSHOT</ns1:version></ns1:module><ns1:module><ns1:id>org.ehr4cr.kcl:BlueModel</ns1:id><ns1:version>3.1.9-SNAPSHOT</ns1:version></ns1:module><ns1:module><ns1:id>org.ehr4cr.kcl:BasicUtils</ns1:id><ns1:version>3.1.11-SNAPSHOT</ns1:version></ns1:module><ns1:module><ns1:id>org.ehr4cr.kcl:DirectQueryConstruction</ns1:id><ns1:version>2.2.2-SNAPSHOT</ns1:version></ns1:module></ns1:versionInfo></ns1:feasibilityResult>'
									,100002
									,100002);
INSERT INTO QT_XML_RESULT(XML_VALUE,RESULT_INSTANCE_ID,XML_RESULT_ID) VALUES('<?xml version="1.0" encoding="UTF-8" standalone="yes"?><ns1:feasibilityResult xmlns:ns1="http://www.ehr4cr.eu/schema/services/pfs/1.0"><ns1:endpointId></ns1:endpointId><ns1:patientCountList><ns1:patientCount><ageInterval>10</ageInterval><ns1:ageSliceList><ns1:ageSlice><ns1:lowerBound>0</ns1:lowerBound><ns1:upperBound>10</ns1:upperBound><ns1:numMale><ns1:lower>0</ns1:lower><ns1:upper>0</ns1:upper></ns1:numMale><ns1:numFemale><ns1:lower>0</ns1:lower><ns1:upper>0</ns1:upper></ns1:numFemale><ns1:numUnknown><ns1:lower>0</ns1:lower><ns1:upper>0</ns1:upper></ns1:numUnknown></ns1:ageSlice><ns1:ageSlice><ns1:lowerBound>10</ns1:lowerBound><ns1:upperBound>20</ns1:upperBound><ns1:numMale><ns1:lower>0</ns1:lower><ns1:upper>0</ns1:upper></ns1:numMale><ns1:numFemale><ns1:lower>1</ns1:lower><ns1:upper>1</ns1:upper></ns1:numFemale><ns1:numUnknown><ns1:lower>0</ns1:lower><ns1:upper>0</ns1:upper></ns1:numUnknown></ns1:ageSlice><ns1:ageSlice><ns1:lowerBound>20</ns1:lowerBound><ns1:upperBound>30</ns1:upperBound><ns1:numMale><ns1:lower>1</ns1:lower><ns1:upper>1</ns1:upper></ns1:numMale><ns1:numFemale><ns1:lower>0</ns1:lower><ns1:upper>0</ns1:upper></ns1:numFemale><ns1:numUnknown><ns1:lower>0</ns1:lower><ns1:upper>0</ns1:upper></ns1:numUnknown></ns1:ageSlice><ns1:ageSlice><ns1:lowerBound>30</ns1:lowerBound><ns1:upperBound>40</ns1:upperBound><ns1:numMale><ns1:lower>2</ns1:lower><ns1:upper>2</ns1:upper></ns1:numMale><ns1:numFemale><ns1:lower>2</ns1:lower><ns1:upper>2</ns1:upper></ns1:numFemale><ns1:numUnknown><ns1:lower>0</ns1:lower><ns1:upper>0</ns1:upper></ns1:numUnknown></ns1:ageSlice><ns1:ageSlice><ns1:lowerBound>40</ns1:lowerBound><ns1:upperBound>50</ns1:upperBound><ns1:numMale><ns1:lower>6</ns1:lower><ns1:upper>6</ns1:upper></ns1:numMale><ns1:numFemale><ns1:lower>6</ns1:lower><ns1:upper>6</ns1:upper></ns1:numFemale><ns1:numUnknown><ns1:lower>0</ns1:lower><ns1:upper>0</ns1:upper></ns1:numUnknown></ns1:ageSlice><ns1:ageSlice><ns1:lowerBound>50</ns1:lowerBound><ns1:upperBound>60</ns1:upperBound><ns1:numMale><ns1:lower>15</ns1:lower><ns1:upper>15</ns1:upper></ns1:numMale><ns1:numFemale><ns1:lower>6</ns1:lower><ns1:upper>6</ns1:upper></ns1:numFemale><ns1:numUnknown><ns1:lower>0</ns1:lower><ns1:upper>0</ns1:upper></ns1:numUnknown></ns1:ageSlice><ns1:ageSlice><ns1:lowerBound>60</ns1:lowerBound><ns1:upperBound>70</ns1:upperBound><ns1:numMale><ns1:lower>25</ns1:lower><ns1:upper>25</ns1:upper></ns1:numMale><ns1:numFemale><ns1:lower>12</ns1:lower><ns1:upper>12</ns1:upper></ns1:numFemale><ns1:numUnknown><ns1:lower>0</ns1:lower><ns1:upper>0</ns1:upper></ns1:numUnknown></ns1:ageSlice><ns1:ageSlice><ns1:lowerBound>70</ns1:lowerBound><ns1:upperBound>80</ns1:upperBound><ns1:numMale><ns1:lower>31</ns1:lower><ns1:upper>31</ns1:upper></ns1:numMale><ns1:numFemale><ns1:lower>16</ns1:lower><ns1:upper>16</ns1:upper></ns1:numFemale><ns1:numUnknown><ns1:lower>0</ns1:lower><ns1:upper>0</ns1:upper></ns1:numUnknown></ns1:ageSlice><ns1:ageSlice><ns1:lowerBound>80</ns1:lowerBound><ns1:numMale><ns1:lower>35</ns1:lower><ns1:upper>35</ns1:upper></ns1:numMale><ns1:numFemale><ns1:lower>42</ns1:lower><ns1:upper>42</ns1:upper></ns1:numFemale><ns1:numUnknown><ns1:lower>0</ns1:lower><ns1:upper>0</ns1:upper></ns1:numUnknown></ns1:ageSlice></ns1:ageSliceList><ns1:eclectic>Entire data warehouse</ns1:eclectic><numAgeSlices>9</numAgeSlices><ns1:provenanceRecord><ns1:provenanceItemList><ns1:provenanceItem><ns1:count>0</ns1:count><ns1:counterLabel>CODE_NOT_MAPPED</ns1:counterLabel><ns1:order>3</ns1:order></ns1:provenanceItem><ns1:provenanceItem><ns1:count>200</ns1:count><ns1:counterLabel>CODE_MAPPED</ns1:counterLabel><ns1:occurrenceSet>SEX:F to 2.16.840.1.113883.6.96:248152002</ns1:occurrenceSet><ns1:occurrenceSet>SEX:M to 2.16.840.1.113883.6.96:248153007</ns1:occurrenceSet><ns1:order>2</ns1:order></ns1:provenanceItem><ns1:provenanceItem><ns1:count>200</ns1:count><ns1:counterLabel>CLINICAL_FACTS_EXTRACTED</ns1:counterLabel><ns1:order>1</ns1:order></ns1:provenanceItem><ns1:provenanceItem><ns1:count>0</ns1:count><ns1:counterLabel>BIRTH_DATE_AFTER_QUERY_DATE</ns1:counterLabel><ns1:order>5</ns1:order></ns1:provenanceItem><ns1:provenanceItem><ns1:count>0</ns1:count><ns1:counterLabel>NO_BIRTH_DATE</ns1:counterLabel><ns1:order>4</ns1:order></ns1:provenanceItem></ns1:provenanceItemList></ns1:provenanceRecord><ns1:ruleNumber>0</ns1:ruleNumber><ns1:ruleType>SINGLE</ns1:ruleType></ns1:patientCount><ns1:patientCount ns1:inclusion="true"><ageInterval>10</ageInterval><ns1:ageSliceList><ns1:ageSlice><ns1:lowerBound>0</ns1:lowerBound><ns1:upperBound>10</ns1:upperBound><ns1:numMale><ns1:lower>0</ns1:lower><ns1:upper>0</ns1:upper></ns1:numMale><ns1:numFemale><ns1:lower>0</ns1:lower><ns1:upper>0</ns1:upper></ns1:numFemale><ns1:numUnknown><ns1:lower>0</ns1:lower><ns1:upper>0</ns1:upper></ns1:numUnknown></ns1:ageSlice><ns1:ageSlice><ns1:lowerBound>10</ns1:lowerBound><ns1:upperBound>20</ns1:upperBound><ns1:numMale><ns1:lower>0</ns1:lower><ns1:upper>0</ns1:upper></ns1:numMale><ns1:numFemale><ns1:lower>1</ns1:lower><ns1:upper>1</ns1:upper></ns1:numFemale><ns1:numUnknown><ns1:lower>0</ns1:lower><ns1:upper>0</ns1:upper></ns1:numUnknown></ns1:ageSlice><ns1:ageSlice><ns1:lowerBound>20</ns1:lowerBound><ns1:upperBound>30</ns1:upperBound><ns1:numMale><ns1:lower>1</ns1:lower><ns1:upper>1</ns1:upper></ns1:numMale><ns1:numFemale><ns1:lower>0</ns1:lower><ns1:upper>0</ns1:upper></ns1:numFemale><ns1:numUnknown><ns1:lower>0</ns1:lower><ns1:upper>0</ns1:upper></ns1:numUnknown></ns1:ageSlice><ns1:ageSlice><ns1:lowerBound>30</ns1:lowerBound><ns1:upperBound>40</ns1:upperBound><ns1:numMale><ns1:lower>2</ns1:lower><ns1:upper>2</ns1:upper></ns1:numMale><ns1:numFemale><ns1:lower>2</ns1:lower><ns1:upper>2</ns1:upper></ns1:numFemale><ns1:numUnknown><ns1:lower>0</ns1:lower><ns1:upper>0</ns1:upper></ns1:numUnknown></ns1:ageSlice><ns1:ageSlice><ns1:lowerBound>40</ns1:lowerBound><ns1:upperBound>50</ns1:upperBound><ns1:numMale><ns1:lower>6</ns1:lower><ns1:upper>6</ns1:upper></ns1:numMale><ns1:numFemale><ns1:lower>6</ns1:lower><ns1:upper>6</ns1:upper></ns1:numFemale><ns1:numUnknown><ns1:lower>0</ns1:lower><ns1:upper>0</ns1:upper></ns1:numUnknown></ns1:ageSlice><ns1:ageSlice><ns1:lowerBound>50</ns1:lowerBound><ns1:upperBound>60</ns1:upperBound><ns1:numMale><ns1:lower>15</ns1:lower><ns1:upper>15</ns1:upper></ns1:numMale><ns1:numFemale><ns1:lower>6</ns1:lower><ns1:upper>6</ns1:upper></ns1:numFemale><ns1:numUnknown><ns1:lower>0</ns1:lower><ns1:upper>0</ns1:upper></ns1:numUnknown></ns1:ageSlice><ns1:ageSlice><ns1:lowerBound>60</ns1:lowerBound><ns1:upperBound>70</ns1:upperBound><ns1:numMale><ns1:lower>25</ns1:lower><ns1:upper>25</ns1:upper></ns1:numMale><ns1:numFemale><ns1:lower>12</ns1:lower><ns1:upper>12</ns1:upper></ns1:numFemale><ns1:numUnknown><ns1:lower>0</ns1:lower><ns1:upper>0</ns1:upper></ns1:numUnknown></ns1:ageSlice><ns1:ageSlice><ns1:lowerBound>70</ns1:lowerBound><ns1:upperBound>80</ns1:upperBound><ns1:numMale><ns1:lower>31</ns1:lower><ns1:upper>31</ns1:upper></ns1:numMale><ns1:numFemale><ns1:lower>16</ns1:lower><ns1:upper>16</ns1:upper></ns1:numFemale><ns1:numUnknown><ns1:lower>0</ns1:lower><ns1:upper>0</ns1:upper></ns1:numUnknown></ns1:ageSlice><ns1:ageSlice><ns1:lowerBound>80</ns1:lowerBound><ns1:numMale><ns1:lower>35</ns1:lower><ns1:upper>35</ns1:upper></ns1:numMale><ns1:numFemale><ns1:lower>42</ns1:lower><ns1:upper>42</ns1:upper></ns1:numFemale><ns1:numUnknown><ns1:lower>0</ns1:lower><ns1:upper>0</ns1:upper></ns1:numUnknown></ns1:ageSlice></ns1:ageSliceList><ns1:eclectic>1 born() at least 18 years before now</ns1:eclectic><numAgeSlices>9</numAgeSlices><ns1:provenanceRecord><ns1:provenanceItemList><ns1:provenanceItem><ns1:count>200</ns1:count><ns1:counterLabel>CLINICAL_FACTS_EXTRACTED</ns1:counterLabel><ns1:order>1</ns1:order></ns1:provenanceItem><ns1:provenanceItem><ns1:count>200</ns1:count><ns1:counterLabel>CODE_MAPPED</ns1:counterLabel><ns1:occurrenceSet>SEX:F to 2.16.840.1.113883.6.96:248152002</ns1:occurrenceSet><ns1:occurrenceSet>SEX:M to 2.16.840.1.113883.6.96:248153007</ns1:occurrenceSet><ns1:order>2</ns1:order></ns1:provenanceItem><ns1:provenanceItem><ns1:count>0</ns1:count><ns1:counterLabel>CODE_NOT_MAPPED</ns1:counterLabel><ns1:order>3</ns1:order></ns1:provenanceItem><ns1:provenanceItem><ns1:count>0</ns1:count><ns1:counterLabel>NO_BIRTH_DATE</ns1:counterLabel><ns1:order>4</ns1:order></ns1:provenanceItem><ns1:provenanceItem><ns1:count>0</ns1:count><ns1:counterLabel>BIRTH_DATE_AFTER_QUERY_DATE</ns1:counterLabel><ns1:order>5</ns1:order></ns1:provenanceItem><ns1:provenanceItem><ns1:count>0</ns1:count><ns1:counterLabel>FACTS_REMOVED_BY_ENCOUNTER_CONSTRAINT</ns1:counterLabel><ns1:order>6</ns1:order></ns1:provenanceItem><ns1:provenanceItem><ns1:count>0</ns1:count><ns1:counterLabel>FACTS_REMOVED_BY_TEMPORAL_CONSTRAINT</ns1:counterLabel><ns1:order>7</ns1:order></ns1:provenanceItem><ns1:provenanceItem><ns1:count>0</ns1:count><ns1:counterLabel>FACTS_REMOVED_BY_FIRST_LAST_QUALIFIER</ns1:counterLabel><ns1:order>8</ns1:order></ns1:provenanceItem></ns1:provenanceItemList></ns1:provenanceRecord><ns1:ruleNumber>1</ns1:ruleNumber><ns1:ruleType>ISOLATED</ns1:ruleType></ns1:patientCount><ns1:patientCount ns1:inclusion="true"><ageInterval>10</ageInterval><ns1:ageSliceList><ns1:ageSlice><ns1:lowerBound>0</ns1:lowerBound><ns1:upperBound>10</ns1:upperBound><ns1:numMale><ns1:lower>0</ns1:lower><ns1:upper>0</ns1:upper></ns1:numMale><ns1:numFemale><ns1:lower>0</ns1:lower><ns1:upper>0</ns1:upper></ns1:numFemale><ns1:numUnknown><ns1:lower>0</ns1:lower><ns1:upper>0</ns1:upper></ns1:numUnknown></ns1:ageSlice><ns1:ageSlice><ns1:lowerBound>10</ns1:lowerBound><ns1:upperBound>20</ns1:upperBound><ns1:numMale><ns1:lower>0</ns1:lower><ns1:upper>0</ns1:upper></ns1:numMale><ns1:numFemale><ns1:lower>1</ns1:lower><ns1:upper>1</ns1:upper></ns1:numFemale><ns1:numUnknown><ns1:lower>0</ns1:lower><ns1:upper>0</ns1:upper></ns1:numUnknown></ns1:ageSlice><ns1:ageSlice><ns1:lowerBound>20</ns1:lowerBound><ns1:upperBound>30</ns1:upperBound><ns1:numMale><ns1:lower>1</ns1:lower><ns1:upper>1</ns1:upper></ns1:numMale><ns1:numFemale><ns1:lower>0</ns1:lower><ns1:upper>0</ns1:upper></ns1:numFemale><ns1:numUnknown><ns1:lower>0</ns1:lower><ns1:upper>0</ns1:upper></ns1:numUnknown></ns1:ageSlice><ns1:ageSlice><ns1:lowerBound>30</ns1:lowerBound><ns1:upperBound>40</ns1:upperBound><ns1:numMale><ns1:lower>2</ns1:lower><ns1:upper>2</ns1:upper></ns1:numMale><ns1:numFemale><ns1:lower>2</ns1:lower><ns1:upper>2</ns1:upper></ns1:numFemale><ns1:numUnknown><ns1:lower>0</ns1:lower><ns1:upper>0</ns1:upper></ns1:numUnknown></ns1:ageSlice><ns1:ageSlice><ns1:lowerBound>40</ns1:lowerBound><ns1:upperBound>50</ns1:upperBound><ns1:numMale><ns1:lower>6</ns1:lower><ns1:upper>6</ns1:upper></ns1:numMale><ns1:numFemale><ns1:lower>6</ns1:lower><ns1:upper>6</ns1:upper></ns1:numFemale><ns1:numUnknown><ns1:lower>0</ns1:lower><ns1:upper>0</ns1:upper></ns1:numUnknown></ns1:ageSlice><ns1:ageSlice><ns1:lowerBound>50</ns1:lowerBound><ns1:upperBound>60</ns1:upperBound><ns1:numMale><ns1:lower>15</ns1:lower><ns1:upper>15</ns1:upper></ns1:numMale><ns1:numFemale><ns1:lower>6</ns1:lower><ns1:upper>6</ns1:upper></ns1:numFemale><ns1:numUnknown><ns1:lower>0</ns1:lower><ns1:upper>0</ns1:upper></ns1:numUnknown></ns1:ageSlice><ns1:ageSlice><ns1:lowerBound>60</ns1:lowerBound><ns1:upperBound>70</ns1:upperBound><ns1:numMale><ns1:lower>25</ns1:lower><ns1:upper>25</ns1:upper></ns1:numMale><ns1:numFemale><ns1:lower>12</ns1:lower><ns1:upper>12</ns1:upper></ns1:numFemale><ns1:numUnknown><ns1:lower>0</ns1:lower><ns1:upper>0</ns1:upper></ns1:numUnknown></ns1:ageSlice><ns1:ageSlice><ns1:lowerBound>70</ns1:lowerBound><ns1:upperBound>80</ns1:upperBound><ns1:numMale><ns1:lower>31</ns1:lower><ns1:upper>31</ns1:upper></ns1:numMale><ns1:numFemale><ns1:lower>16</ns1:lower><ns1:upper>16</ns1:upper></ns1:numFemale><ns1:numUnknown><ns1:lower>0</ns1:lower><ns1:upper>0</ns1:upper></ns1:numUnknown></ns1:ageSlice><ns1:ageSlice><ns1:lowerBound>80</ns1:lowerBound><ns1:numMale><ns1:lower>35</ns1:lower><ns1:upper>35</ns1:upper></ns1:numMale><ns1:numFemale><ns1:lower>42</ns1:lower><ns1:upper>42</ns1:upper></ns1:numFemale><ns1:numUnknown><ns1:lower>0</ns1:lower><ns1:upper>0</ns1:upper></ns1:numUnknown></ns1:ageSlice></ns1:ageSliceList><ns1:eclectic>1 born() at least 18 years before now</ns1:eclectic><numAgeSlices>9</numAgeSlices><ns1:provenanceRecord><ns1:provenanceItemList><ns1:provenanceItem><ns1:count>200</ns1:count><ns1:counterLabel>CLINICAL_FACTS_EXTRACTED</ns1:counterLabel><ns1:order>1</ns1:order></ns1:provenanceItem><ns1:provenanceItem><ns1:count>200</ns1:count><ns1:counterLabel>CODE_MAPPED</ns1:counterLabel><ns1:occurrenceSet>SEX:F to 2.16.840.1.113883.6.96:248152002</ns1:occurrenceSet><ns1:occurrenceSet>SEX:M to 2.16.840.1.113883.6.96:248153007</ns1:occurrenceSet><ns1:order>2</ns1:order></ns1:provenanceItem><ns1:provenanceItem><ns1:count>0</ns1:count><ns1:counterLabel>CODE_NOT_MAPPED</ns1:counterLabel><ns1:order>3</ns1:order></ns1:provenanceItem><ns1:provenanceItem><ns1:count>0</ns1:count><ns1:counterLabel>NO_BIRTH_DATE</ns1:counterLabel><ns1:order>4</ns1:order></ns1:provenanceItem><ns1:provenanceItem><ns1:count>0</ns1:count><ns1:counterLabel>BIRTH_DATE_AFTER_QUERY_DATE</ns1:counterLabel><ns1:order>5</ns1:order></ns1:provenanceItem><ns1:provenanceItem><ns1:count>0</ns1:count><ns1:counterLabel>FACTS_REMOVED_BY_ENCOUNTER_CONSTRAINT</ns1:counterLabel><ns1:order>6</ns1:order></ns1:provenanceItem><ns1:provenanceItem><ns1:count>0</ns1:count><ns1:counterLabel>FACTS_REMOVED_BY_TEMPORAL_CONSTRAINT</ns1:counterLabel><ns1:order>7</ns1:order></ns1:provenanceItem><ns1:provenanceItem><ns1:count>0</ns1:count><ns1:counterLabel>FACTS_REMOVED_BY_FIRST_LAST_QUALIFIER</ns1:counterLabel><ns1:order>8</ns1:order></ns1:provenanceItem></ns1:provenanceItemList></ns1:provenanceRecord><ns1:ruleNumber>1</ns1:ruleNumber><ns1:ruleType>SINGLE</ns1:ruleType></ns1:patientCount><ns1:patientCount ns1:inclusion="true"><ageInterval>10</ageInterval><ns1:ageSliceList><ns1:ageSlice><ns1:lowerBound>0</ns1:lowerBound><ns1:upperBound>10</ns1:upperBound><ns1:numMale><ns1:lower>0</ns1:lower><ns1:upper>0</ns1:upper></ns1:numMale><ns1:numFemale><ns1:lower>0</ns1:lower><ns1:upper>0</ns1:upper></ns1:numFemale><ns1:numUnknown><ns1:lower>0</ns1:lower><ns1:upper>0</ns1:upper></ns1:numUnknown></ns1:ageSlice><ns1:ageSlice><ns1:lowerBound>10</ns1:lowerBound><ns1:upperBound>20</ns1:upperBound><ns1:numMale><ns1:lower>0</ns1:lower><ns1:upper>0</ns1:upper></ns1:numMale><ns1:numFemale><ns1:lower>1</ns1:lower><ns1:upper>1</ns1:upper></ns1:numFemale><ns1:numUnknown><ns1:lower>0</ns1:lower><ns1:upper>0</ns1:upper></ns1:numUnknown></ns1:ageSlice><ns1:ageSlice><ns1:lowerBound>20</ns1:lowerBound><ns1:upperBound>30</ns1:upperBound><ns1:numMale><ns1:lower>1</ns1:lower><ns1:upper>1</ns1:upper></ns1:numMale><ns1:numFemale><ns1:lower>0</ns1:lower><ns1:upper>0</ns1:upper></ns1:numFemale><ns1:numUnknown><ns1:lower>0</ns1:lower><ns1:upper>0</ns1:upper></ns1:numUnknown></ns1:ageSlice><ns1:ageSlice><ns1:lowerBound>30</ns1:lowerBound><ns1:upperBound>40</ns1:upperBound><ns1:numMale><ns1:lower>2</ns1:lower><ns1:upper>2</ns1:upper></ns1:numMale><ns1:numFemale><ns1:lower>2</ns1:lower><ns1:upper>2</ns1:upper></ns1:numFemale><ns1:numUnknown><ns1:lower>0</ns1:lower><ns1:upper>0</ns1:upper></ns1:numUnknown></ns1:ageSlice><ns1:ageSlice><ns1:lowerBound>40</ns1:lowerBound><ns1:upperBound>50</ns1:upperBound><ns1:numMale><ns1:lower>6</ns1:lower><ns1:upper>6</ns1:upper></ns1:numMale><ns1:numFemale><ns1:lower>6</ns1:lower><ns1:upper>6</ns1:upper></ns1:numFemale><ns1:numUnknown><ns1:lower>0</ns1:lower><ns1:upper>0</ns1:upper></ns1:numUnknown></ns1:ageSlice><ns1:ageSlice><ns1:lowerBound>50</ns1:lowerBound><ns1:upperBound>60</ns1:upperBound><ns1:numMale><ns1:lower>15</ns1:lower><ns1:upper>15</ns1:upper></ns1:numMale><ns1:numFemale><ns1:lower>6</ns1:lower><ns1:upper>6</ns1:upper></ns1:numFemale><ns1:numUnknown><ns1:lower>0</ns1:lower><ns1:upper>0</ns1:upper></ns1:numUnknown></ns1:ageSlice><ns1:ageSlice><ns1:lowerBound>60</ns1:lowerBound><ns1:upperBound>70</ns1:upperBound><ns1:numMale><ns1:lower>25</ns1:lower><ns1:upper>25</ns1:upper></ns1:numMale><ns1:numFemale><ns1:lower>12</ns1:lower><ns1:upper>12</ns1:upper></ns1:numFemale><ns1:numUnknown><ns1:lower>0</ns1:lower><ns1:upper>0</ns1:upper></ns1:numUnknown></ns1:ageSlice><ns1:ageSlice><ns1:lowerBound>70</ns1:lowerBound><ns1:upperBound>80</ns1:upperBound><ns1:numMale><ns1:lower>31</ns1:lower><ns1:upper>31</ns1:upper></ns1:numMale><ns1:numFemale><ns1:lower>16</ns1:lower><ns1:upper>16</ns1:upper></ns1:numFemale><ns1:numUnknown><ns1:lower>0</ns1:lower><ns1:upper>0</ns1:upper></ns1:numUnknown></ns1:ageSlice><ns1:ageSlice><ns1:lowerBound>80</ns1:lowerBound><ns1:numMale><ns1:lower>35</ns1:lower><ns1:upper>35</ns1:upper></ns1:numMale><ns1:numFemale><ns1:lower>42</ns1:lower><ns1:upper>42</ns1:upper></ns1:numFemale><ns1:numUnknown><ns1:lower>0</ns1:lower><ns1:upper>0</ns1:upper></ns1:numUnknown></ns1:ageSlice></ns1:ageSliceList><ns1:eclectic>1 born() at least 18 years before now</ns1:eclectic><ns1:label>&amp;lt;div&amp;gt;&amp;lt;span class="filter-option"&amp;gt;More or equals to 18 Years old&amp;lt;/span&amp;gt;&amp;lt;/div&amp;gt;</ns1:label><numAgeSlices>9</numAgeSlices><ns1:provenanceRecord><ns1:provenanceItemList><ns1:provenanceItem><ns1:count>0</ns1:count><ns1:counterLabel>FACTS_REMOVED_BY_TEMPORAL_CONSTRAINT</ns1:counterLabel><ns1:order>7</ns1:order></ns1:provenanceItem><ns1:provenanceItem><ns1:count>0</ns1:count><ns1:counterLabel>CODE_NOT_MAPPED</ns1:counterLabel><ns1:order>3</ns1:order></ns1:provenanceItem><ns1:provenanceItem><ns1:count>200</ns1:count><ns1:counterLabel>CODE_MAPPED</ns1:counterLabel><ns1:occurrenceSet>SEX:F to 2.16.840.1.113883.6.96:248152002</ns1:occurrenceSet><ns1:occurrenceSet>SEX:M to 2.16.840.1.113883.6.96:248153007</ns1:occurrenceSet><ns1:order>2</ns1:order></ns1:provenanceItem><ns1:provenanceItem><ns1:count>200</ns1:count><ns1:counterLabel>CLINICAL_FACTS_EXTRACTED</ns1:counterLabel><ns1:order>1</ns1:order></ns1:provenanceItem><ns1:provenanceItem><ns1:count>0</ns1:count><ns1:counterLabel>BIRTH_DATE_AFTER_QUERY_DATE</ns1:counterLabel><ns1:order>5</ns1:order></ns1:provenanceItem><ns1:provenanceItem><ns1:count>0</ns1:count><ns1:counterLabel>FACTS_REMOVED_BY_ENCOUNTER_CONSTRAINT</ns1:counterLabel><ns1:order>6</ns1:order></ns1:provenanceItem><ns1:provenanceItem><ns1:count>0</ns1:count><ns1:counterLabel>NO_BIRTH_DATE</ns1:counterLabel><ns1:order>4</ns1:order></ns1:provenanceItem><ns1:provenanceItem><ns1:count>0</ns1:count><ns1:counterLabel>FACTS_REMOVED_BY_FIRST_LAST_QUALIFIER</ns1:counterLabel><ns1:order>8</ns1:order></ns1:provenanceItem></ns1:provenanceItemList></ns1:provenanceRecord><ns1:ruleNumber>1</ns1:ruleNumber><ns1:ruleType>COMPOUND_ISOLATED</ns1:ruleType></ns1:patientCount><ns1:patientCount ns1:inclusion="true"><ageInterval>10</ageInterval><ns1:ageSliceList><ns1:ageSlice><ns1:lowerBound>0</ns1:lowerBound><ns1:upperBound>10</ns1:upperBound><ns1:numMale><ns1:lower>0</ns1:lower><ns1:upper>0</ns1:upper></ns1:numMale><ns1:numFemale><ns1:lower>0</ns1:lower><ns1:upper>0</ns1:upper></ns1:numFemale><ns1:numUnknown><ns1:lower>0</ns1:lower><ns1:upper>0</ns1:upper></ns1:numUnknown></ns1:ageSlice><ns1:ageSlice><ns1:lowerBound>10</ns1:lowerBound><ns1:upperBound>20</ns1:upperBound><ns1:numMale><ns1:lower>0</ns1:lower><ns1:upper>0</ns1:upper></ns1:numMale><ns1:numFemale><ns1:lower>1</ns1:lower><ns1:upper>1</ns1:upper></ns1:numFemale><ns1:numUnknown><ns1:lower>0</ns1:lower><ns1:upper>0</ns1:upper></ns1:numUnknown></ns1:ageSlice><ns1:ageSlice><ns1:lowerBound>20</ns1:lowerBound><ns1:upperBound>30</ns1:upperBound><ns1:numMale><ns1:lower>1</ns1:lower><ns1:upper>1</ns1:upper></ns1:numMale><ns1:numFemale><ns1:lower>0</ns1:lower><ns1:upper>0</ns1:upper></ns1:numFemale><ns1:numUnknown><ns1:lower>0</ns1:lower><ns1:upper>0</ns1:upper></ns1:numUnknown></ns1:ageSlice><ns1:ageSlice><ns1:lowerBound>30</ns1:lowerBound><ns1:upperBound>40</ns1:upperBound><ns1:numMale><ns1:lower>2</ns1:lower><ns1:upper>2</ns1:upper></ns1:numMale><ns1:numFemale><ns1:lower>2</ns1:lower><ns1:upper>2</ns1:upper></ns1:numFemale><ns1:numUnknown><ns1:lower>0</ns1:lower><ns1:upper>0</ns1:upper></ns1:numUnknown></ns1:ageSlice><ns1:ageSlice><ns1:lowerBound>40</ns1:lowerBound><ns1:upperBound>50</ns1:upperBound><ns1:numMale><ns1:lower>6</ns1:lower><ns1:upper>6</ns1:upper></ns1:numMale><ns1:numFemale><ns1:lower>6</ns1:lower><ns1:upper>6</ns1:upper></ns1:numFemale><ns1:numUnknown><ns1:lower>0</ns1:lower><ns1:upper>0</ns1:upper></ns1:numUnknown></ns1:ageSlice><ns1:ageSlice><ns1:lowerBound>50</ns1:lowerBound><ns1:upperBound>60</ns1:upperBound><ns1:numMale><ns1:lower>15</ns1:lower><ns1:upper>15</ns1:upper></ns1:numMale><ns1:numFemale><ns1:lower>6</ns1:lower><ns1:upper>6</ns1:upper></ns1:numFemale><ns1:numUnknown><ns1:lower>0</ns1:lower><ns1:upper>0</ns1:upper></ns1:numUnknown></ns1:ageSlice><ns1:ageSlice><ns1:lowerBound>60</ns1:lowerBound><ns1:upperBound>70</ns1:upperBound><ns1:numMale><ns1:lower>25</ns1:lower><ns1:upper>25</ns1:upper></ns1:numMale><ns1:numFemale><ns1:lower>12</ns1:lower><ns1:upper>12</ns1:upper></ns1:numFemale><ns1:numUnknown><ns1:lower>0</ns1:lower><ns1:upper>0</ns1:upper></ns1:numUnknown></ns1:ageSlice><ns1:ageSlice><ns1:lowerBound>70</ns1:lowerBound><ns1:upperBound>80</ns1:upperBound><ns1:numMale><ns1:lower>31</ns1:lower><ns1:upper>31</ns1:upper></ns1:numMale><ns1:numFemale><ns1:lower>16</ns1:lower><ns1:upper>16</ns1:upper></ns1:numFemale><ns1:numUnknown><ns1:lower>0</ns1:lower><ns1:upper>0</ns1:upper></ns1:numUnknown></ns1:ageSlice><ns1:ageSlice><ns1:lowerBound>80</ns1:lowerBound><ns1:numMale><ns1:lower>35</ns1:lower><ns1:upper>35</ns1:upper></ns1:numMale><ns1:numFemale><ns1:lower>42</ns1:lower><ns1:upper>42</ns1:upper></ns1:numFemale><ns1:numUnknown><ns1:lower>0</ns1:lower><ns1:upper>0</ns1:upper></ns1:numUnknown></ns1:ageSlice></ns1:ageSliceList><ns1:eclectic>1 born() at least 18 years before now</ns1:eclectic><ns1:label>&amp;lt;div&amp;gt;&amp;lt;span class="filter-option"&amp;gt;More or equals to 18 Years old&amp;lt;/span&amp;gt;&amp;lt;/div&amp;gt;</ns1:label><numAgeSlices>9</numAgeSlices><ns1:provenanceRecord><ns1:provenanceItemList><ns1:provenanceItem><ns1:count>0</ns1:count><ns1:counterLabel>FACTS_REMOVED_BY_TEMPORAL_CONSTRAINT</ns1:counterLabel><ns1:order>7</ns1:order></ns1:provenanceItem><ns1:provenanceItem><ns1:count>0</ns1:count><ns1:counterLabel>CODE_NOT_MAPPED</ns1:counterLabel><ns1:order>3</ns1:order></ns1:provenanceItem><ns1:provenanceItem><ns1:count>200</ns1:count><ns1:counterLabel>CODE_MAPPED</ns1:counterLabel><ns1:occurrenceSet>SEX:F to 2.16.840.1.113883.6.96:248152002</ns1:occurrenceSet><ns1:occurrenceSet>SEX:M to 2.16.840.1.113883.6.96:248153007</ns1:occurrenceSet><ns1:order>2</ns1:order></ns1:provenanceItem><ns1:provenanceItem><ns1:count>200</ns1:count><ns1:counterLabel>CLINICAL_FACTS_EXTRACTED</ns1:counterLabel><ns1:order>1</ns1:order></ns1:provenanceItem><ns1:provenanceItem><ns1:count>0</ns1:count><ns1:counterLabel>BIRTH_DATE_AFTER_QUERY_DATE</ns1:counterLabel><ns1:order>5</ns1:order></ns1:provenanceItem><ns1:provenanceItem><ns1:count>0</ns1:count><ns1:counterLabel>FACTS_REMOVED_BY_ENCOUNTER_CONSTRAINT</ns1:counterLabel><ns1:order>6</ns1:order></ns1:provenanceItem><ns1:provenanceItem><ns1:count>0</ns1:count><ns1:counterLabel>NO_BIRTH_DATE</ns1:counterLabel><ns1:order>4</ns1:order></ns1:provenanceItem><ns1:provenanceItem><ns1:count>0</ns1:count><ns1:counterLabel>FACTS_REMOVED_BY_FIRST_LAST_QUALIFIER</ns1:counterLabel><ns1:order>8</ns1:order></ns1:provenanceItem></ns1:provenanceItemList></ns1:provenanceRecord><ns1:ruleNumber>1</ns1:ruleNumber><ns1:ruleType>COMPOUND</ns1:ruleType></ns1:patientCount></ns1:patientCountList><ns1:rejectionReason></ns1:rejectionReason><ns1:studyName>newest</ns1:studyName><ns1:versionInfo><ns1:module><ns1:id>org.ehr4cr:endpoint</ns1:id><ns1:version>4.0.11-SNAPSHOT</ns1:version></ns1:module><ns1:module><ns1:id>org.ehr4cr.kcl:BlueModel</ns1:id><ns1:version>3.1.9-SNAPSHOT</ns1:version></ns1:module><ns1:module><ns1:id>org.ehr4cr.kcl:BasicUtils</ns1:id><ns1:version>3.1.11-SNAPSHOT</ns1:version></ns1:module><ns1:module><ns1:id>org.ehr4cr.kcl:DirectQueryConstruction</ns1:id><ns1:version>2.2.2-SNAPSHOT</ns1:version></ns1:module></ns1:versionInfo></ns1:feasibilityResult>'
									,100003
									,100003);

-- for each patient with id ${subjectId} and index ${index} (position in the resulting patient list) in the resulting patient set:
--INSERT INTO QT_PATIENT_SET_COLLECTION(RESULT_INSTANCE_ID,SET_INDEX,PATIENT_NUM) VALUES(${resultInstanceId},${index},${subjectId})












